{
  "type": "FeatureCollection",
  "name": "distance_matrix_combined",
  "crs": {
    "type": "name",
    "properties": {
      "name": "urn:ogc:def:crs:OGC:1.3:CRS84"
    }
  },
  "features": [
    {
      "type": "Feature",
      "properties": {
        "ada_parsel": "1101-8",
        "poi_id": "1",
        "poi_adi": "Şehit Fethi Camii",
        "kategori": "Yaşam",
        "alt_kategori": "Dini Tesis",
        "mesafe_m": 211,
        "mesafe_km": 0.21,
        "sure_sn": 151.9,
        "sure_dk": 2.5
      },
      "geometry": {
        "type": "Point",
        "coordinates": [
          29.04882718400006,
          41.002869221000026
        ]
      }
    },
    {
      "type": "Feature",
      "properties": {
        "ada_parsel": "1101-8",
        "poi_id": "2",
        "poi_adi": "Validebağ Koru Camii",
        "kategori": "Yaşam",
        "alt_kategori": "Dini Tesis",
        "mesafe_m": 1363.8,
        "mesafe_km": 1.36,
        "sure_sn": 981.9,
        "sure_dk": 16.4
      },
      "geometry": {
        "type": "Point",
        "coordinates": [
          29.04992757200006,
          41.013345893000064
        ]
      }
    },
    {
      "type": "Feature",
      "properties": {
        "ada_parsel": "1101-8",
        "poi_id": "3",
        "poi_adi": "Faikbey Camii",
        "kategori": "Yaşam",
        "alt_kategori": "Dini Tesis",
        "mesafe_m": 882,
        "mesafe_km": 0.88,
        "sure_sn": 635,
        "sure_dk": 10.6
      },
      "geometry": {
        "type": "Point",
        "coordinates": [
          29.046383381000055,
          41.00999137400004
        ]
      }
    },
    {
      "type": "Feature",
      "properties": {
        "ada_parsel": "1101-8",
        "poi_id": "4",
        "poi_adi": "Acıbadem Merkez Çavuşoğlu Camii",
        "kategori": "Yaşam",
        "alt_kategori": "Dini Tesis",
        "mesafe_m": 376.3,
        "mesafe_km": 0.38,
        "sure_sn": 270.9,
        "sure_dk": 4.5
      },
      "geometry": {
        "type": "Point",
        "coordinates": [
          29.051761691000024,
          41.006987227000025
        ]
      }
    },
    {
      "type": "Feature",
      "properties": {
        "ada_parsel": "1101-8",
        "poi_id": "5",
        "poi_adi": "Birlik Gıda",
        "kategori": "Yaşam",
        "alt_kategori": "AVM & Market",
        "mesafe_m": 250.9,
        "mesafe_km": 0.25,
        "sure_sn": 180.7,
        "sure_dk": 3
      },
      "geometry": {
        "type": "Point",
        "coordinates": [
          29.048403990000054,
          41.00270384000004
        ]
      }
    },
    {
      "type": "Feature",
      "properties": {
        "ada_parsel": "1101-8",
        "poi_id": "6",
        "poi_adi": "A101",
        "kategori": "Yaşam",
        "alt_kategori": "AVM & Market",
        "mesafe_m": 981.3,
        "mesafe_km": 0.98,
        "sure_sn": 706.5,
        "sure_dk": 11.8
      },
      "geometry": {
        "type": "Point",
        "coordinates": [
          29.05258810400005,
          41.011138309000046
        ]
      }
    },
    {
      "type": "Feature",
      "properties": {
        "ada_parsel": "1101-8",
        "poi_id": "7",
        "poi_adi": "Gurmeköy Şarküteri",
        "kategori": "Yaşam",
        "alt_kategori": "AVM & Market",
        "mesafe_m": 1149.5,
        "mesafe_km": 1.15,
        "sure_sn": 827.6,
        "sure_dk": 13.8
      },
      "geometry": {
        "type": "Point",
        "coordinates": [
          29.053910159000054,
          41.01254909100004
        ]
      }
    },
    {
      "type": "Feature",
      "properties": {
        "ada_parsel": "1101-8",
        "poi_id": "8",
        "poi_adi": "Acıbadem Kasabı",
        "kategori": "Yaşam",
        "alt_kategori": "AVM & Market",
        "mesafe_m": 255,
        "mesafe_km": 0.25,
        "sure_sn": 183.6,
        "sure_dk": 3.1
      },
      "geometry": {
        "type": "Point",
        "coordinates": [
          29.04795314000006,
          41.00538230400008
        ]
      }
    },
    {
      "type": "Feature",
      "properties": {
        "ada_parsel": "1101-8",
        "poi_id": "9",
        "poi_adi": "Ezine Çiftliği",
        "kategori": "Yaşam",
        "alt_kategori": "AVM & Market",
        "mesafe_m": 360.7,
        "mesafe_km": 0.36,
        "sure_sn": 259.7,
        "sure_dk": 4.3
      },
      "geometry": {
        "type": "Point",
        "coordinates": [
          29.051214362000053,
          41.00673619300005
        ]
      }
    },
    {
      "type": "Feature",
      "properties": {
        "ada_parsel": "1101-8",
        "poi_id": "10",
        "poi_adi": "A101",
        "kategori": "Yaşam",
        "alt_kategori": "AVM & Market",
        "mesafe_m": 1176.9,
        "mesafe_km": 1.18,
        "sure_sn": 847.4,
        "sure_dk": 14.1
      },
      "geometry": {
        "type": "Point",
        "coordinates": [
          29.054155238000078,
          41.01279021100004
        ]
      }
    },
    {
      "type": "Feature",
      "properties": {
        "ada_parsel": "1101-8",
        "poi_id": "11",
        "poi_adi": "Migros",
        "kategori": "Yaşam",
        "alt_kategori": "AVM & Market",
        "mesafe_m": 1174,
        "mesafe_km": 1.17,
        "sure_sn": 845.3,
        "sure_dk": 14.1
      },
      "geometry": {
        "type": "Point",
        "coordinates": [
          29.041437131000066,
          41.011340877000066
        ]
      }
    },
    {
      "type": "Feature",
      "properties": {
        "ada_parsel": "1101-8",
        "poi_id": "12",
        "poi_adi": "Yöreden Süt",
        "kategori": "Yaşam",
        "alt_kategori": "AVM & Market",
        "mesafe_m": 1039.8,
        "mesafe_km": 1.04,
        "sure_sn": 748.6,
        "sure_dk": 12.5
      },
      "geometry": {
        "type": "Point",
        "coordinates": [
          29.053065681000078,
          41.01152940600008
        ]
      }
    },
    {
      "type": "Feature",
      "properties": {
        "ada_parsel": "1101-8",
        "poi_id": "13",
        "poi_adi": "Carrefoursa - Süper Acıbadem Şubesi",
        "kategori": "Yaşam",
        "alt_kategori": "AVM & Market",
        "mesafe_m": 893,
        "mesafe_km": 0.89,
        "sure_sn": 643,
        "sure_dk": 10.7
      },
      "geometry": {
        "type": "Point",
        "coordinates": [
          29.050805875000037,
          41.00960061600006
        ]
      }
    },
    {
      "type": "Feature",
      "properties": {
        "ada_parsel": "1101-8",
        "poi_id": "14",
        "poi_adi": "Öz Besa Manav",
        "kategori": "Yaşam",
        "alt_kategori": "AVM & Market",
        "mesafe_m": 305.3,
        "mesafe_km": 0.31,
        "sure_sn": 219.8,
        "sure_dk": 3.7
      },
      "geometry": {
        "type": "Point",
        "coordinates": [
          29.05140711400003,
          41.006401063000055
        ]
      }
    },
    {
      "type": "Feature",
      "properties": {
        "ada_parsel": "1101-8",
        "poi_id": "15",
        "poi_adi": "Efes Pilsen - Gürbüz Kuruyemiş Tekel",
        "kategori": "Yaşam",
        "alt_kategori": "AVM & Market",
        "mesafe_m": 1068.9,
        "mesafe_km": 1.07,
        "sure_sn": 769.6,
        "sure_dk": 12.8
      },
      "geometry": {
        "type": "Point",
        "coordinates": [
          29.052848496000024,
          41.012020877000054
        ]
      }
    },
    {
      "type": "Feature",
      "properties": {
        "ada_parsel": "1101-8",
        "poi_id": "16",
        "poi_adi": "Kosuyolu M Migros",
        "kategori": "Yaşam",
        "alt_kategori": "AVM & Market",
        "mesafe_m": 1067.9,
        "mesafe_km": 1.07,
        "sure_sn": 768.9,
        "sure_dk": 12.8
      },
      "geometry": {
        "type": "Point",
        "coordinates": [
          29.041495188000056,
          41.01039772000007
        ]
      }
    },
    {
      "type": "Feature",
      "properties": {
        "ada_parsel": "1101-8",
        "poi_id": "17",
        "poi_adi": "Doğan Market",
        "kategori": "Yaşam",
        "alt_kategori": "AVM & Market",
        "mesafe_m": 1219.2,
        "mesafe_km": 1.22,
        "sure_sn": 877.9,
        "sure_dk": 14.6
      },
      "geometry": {
        "type": "Point",
        "coordinates": [
          29.056886017000068,
          41.01285573000007
        ]
      }
    },
    {
      "type": "Feature",
      "properties": {
        "ada_parsel": "1101-8",
        "poi_id": "18",
        "poi_adi": "Demar Süpermarket",
        "kategori": "Yaşam",
        "alt_kategori": "AVM & Market",
        "mesafe_m": 1001,
        "mesafe_km": 1,
        "sure_sn": 720.7,
        "sure_dk": 12
      },
      "geometry": {
        "type": "Point",
        "coordinates": [
          29.04890468700006,
          41.01120319800003
        ]
      }
    },
    {
      "type": "Feature",
      "properties": {
        "ada_parsel": "1101-8",
        "poi_id": "19",
        "poi_adi": "Özbesi Et ve Tavuk Kasap",
        "kategori": "Yaşam",
        "alt_kategori": "AVM & Market",
        "mesafe_m": 305.6,
        "mesafe_km": 0.31,
        "sure_sn": 220.1,
        "sure_dk": 3.7
      },
      "geometry": {
        "type": "Point",
        "coordinates": [
          29.051404191000074,
          41.006406481000056
        ]
      }
    },
    {
      "type": "Feature",
      "properties": {
        "ada_parsel": "1101-8",
        "poi_id": "20",
        "poi_adi": "Kılıç Market",
        "kategori": "Yaşam",
        "alt_kategori": "AVM & Market",
        "mesafe_m": 1078.4,
        "mesafe_km": 1.08,
        "sure_sn": 776.5,
        "sure_dk": 12.9
      },
      "geometry": {
        "type": "Point",
        "coordinates": [
          29.056230802000073,
          41.01162145700005
        ]
      }
    },
    {
      "type": "Feature",
      "properties": {
        "ada_parsel": "1101-8",
        "poi_id": "21",
        "poi_adi": "Akasyamar Market",
        "kategori": "Yaşam",
        "alt_kategori": "AVM & Market",
        "mesafe_m": 700.6,
        "mesafe_km": 0.7,
        "sure_sn": 504.4,
        "sure_dk": 8.4
      },
      "geometry": {
        "type": "Point",
        "coordinates": [
          29.05430300100005,
          41.00660787100003
        ]
      }
    },
    {
      "type": "Feature",
      "properties": {
        "ada_parsel": "1101-8",
        "poi_id": "22",
        "poi_adi": "Süt Sokakğı Şarküteri",
        "kategori": "Yaşam",
        "alt_kategori": "AVM & Market",
        "mesafe_m": 106.6,
        "mesafe_km": 0.11,
        "sure_sn": 76.8,
        "sure_dk": 1.3
      },
      "geometry": {
        "type": "Point",
        "coordinates": [
          29.050564773000076,
          41.004018160000044
        ]
      }
    },
    {
      "type": "Feature",
      "properties": {
        "ada_parsel": "1101-8",
        "poi_id": "23",
        "poi_adi": "Akasyamar Market",
        "kategori": "Yaşam",
        "alt_kategori": "AVM & Market",
        "mesafe_m": 699.9,
        "mesafe_km": 0.7,
        "sure_sn": 503.9,
        "sure_dk": 8.4
      },
      "geometry": {
        "type": "Point",
        "coordinates": [
          29.054293614000073,
          41.006619656000055
        ]
      }
    },
    {
      "type": "Feature",
      "properties": {
        "ada_parsel": "1101-8",
        "poi_id": "24",
        "poi_adi": "Migros",
        "kategori": "Yaşam",
        "alt_kategori": "AVM & Market",
        "mesafe_m": 1298.4,
        "mesafe_km": 1.3,
        "sure_sn": 934.8,
        "sure_dk": 15.6
      },
      "geometry": {
        "type": "Point",
        "coordinates": [
          29.054017491000025,
          41.01323132400006
        ]
      }
    },
    {
      "type": "Feature",
      "properties": {
        "ada_parsel": "1101-8",
        "poi_id": "25",
        "poi_adi": "Ceylan Market",
        "kategori": "Yaşam",
        "alt_kategori": "AVM & Market",
        "mesafe_m": 55.6,
        "mesafe_km": 0.06,
        "sure_sn": 40,
        "sure_dk": 0.7
      },
      "geometry": {
        "type": "Point",
        "coordinates": [
          29.04980908500005,
          41.00450437000006
        ]
      }
    },
    {
      "type": "Feature",
      "properties": {
        "ada_parsel": "1101-8",
        "poi_id": "26",
        "poi_adi": "ŞOK",
        "kategori": "Yaşam",
        "alt_kategori": "AVM & Market",
        "mesafe_m": 1116.4,
        "mesafe_km": 1.12,
        "sure_sn": 803.8,
        "sure_dk": 13.4
      },
      "geometry": {
        "type": "Point",
        "coordinates": [
          29.05318528500004,
          41.01240726100008
        ]
      }
    },
    {
      "type": "Feature",
      "properties": {
        "ada_parsel": "1101-8",
        "poi_id": "27",
        "poi_adi": "Aktaş Market",
        "kategori": "Yaşam",
        "alt_kategori": "AVM & Market",
        "mesafe_m": 84,
        "mesafe_km": 0.08,
        "sure_sn": 60.5,
        "sure_dk": 1
      },
      "geometry": {
        "type": "Point",
        "coordinates": [
          29.050421088000064,
          41.00384667900005
        ]
      }
    },
    {
      "type": "Feature",
      "properties": {
        "ada_parsel": "1101-8",
        "poi_id": "28",
        "poi_adi": "BİM",
        "kategori": "Yaşam",
        "alt_kategori": "AVM & Market",
        "mesafe_m": 212.3,
        "mesafe_km": 0.21,
        "sure_sn": 152.8,
        "sure_dk": 2.5
      },
      "geometry": {
        "type": "Point",
        "coordinates": [
          29.048898047000023,
          41.00281701900008
        ]
      }
    },
    {
      "type": "Feature",
      "properties": {
        "ada_parsel": "1101-8",
        "poi_id": "29",
        "poi_adi": "Kim - Acıbadem Şubesi",
        "kategori": "Yaşam",
        "alt_kategori": "AVM & Market",
        "mesafe_m": 202.1,
        "mesafe_km": 0.2,
        "sure_sn": 145.5,
        "sure_dk": 2.4
      },
      "geometry": {
        "type": "Point",
        "coordinates": [
          29.051510191000034,
          41.002638958000034
        ]
      }
    },
    {
      "type": "Feature",
      "properties": {
        "ada_parsel": "1101-8",
        "poi_id": "30",
        "poi_adi": "BİM",
        "kategori": "Yaşam",
        "alt_kategori": "AVM & Market",
        "mesafe_m": 767.3,
        "mesafe_km": 0.77,
        "sure_sn": 552.5,
        "sure_dk": 9.2
      },
      "geometry": {
        "type": "Point",
        "coordinates": [
          29.04730292800008,
          41.00970954300004
        ]
      }
    },
    {
      "type": "Feature",
      "properties": {
        "ada_parsel": "1101-8",
        "poi_id": "31",
        "poi_adi": "BİM",
        "kategori": "Yaşam",
        "alt_kategori": "AVM & Market",
        "mesafe_m": 1026.8,
        "mesafe_km": 1.03,
        "sure_sn": 739.3,
        "sure_dk": 12.3
      },
      "geometry": {
        "type": "Point",
        "coordinates": [
          29.053292191000025,
          41.011818670000025
        ]
      }
    },
    {
      "type": "Feature",
      "properties": {
        "ada_parsel": "1101-8",
        "poi_id": "32",
        "poi_adi": "A101",
        "kategori": "Yaşam",
        "alt_kategori": "AVM & Market",
        "mesafe_m": 582.6,
        "mesafe_km": 0.58,
        "sure_sn": 419.5,
        "sure_dk": 7
      },
      "geometry": {
        "type": "Point",
        "coordinates": [
          29.05220614800004,
          41.008205340000075
        ]
      }
    },
    {
      "type": "Feature",
      "properties": {
        "ada_parsel": "1101-8",
        "poi_id": "33",
        "poi_adi": "FİLE",
        "kategori": "Yaşam",
        "alt_kategori": "AVM & Market",
        "mesafe_m": 449,
        "mesafe_km": 0.45,
        "sure_sn": 323.3,
        "sure_dk": 5.4
      },
      "geometry": {
        "type": "Point",
        "coordinates": [
          29.04756611600004,
          41.00670658300004
        ]
      }
    },
    {
      "type": "Feature",
      "properties": {
        "ada_parsel": "1101-8",
        "poi_id": "34",
        "poi_adi": "Design Market",
        "kategori": "Yaşam",
        "alt_kategori": "AVM & Market",
        "mesafe_m": 926.5,
        "mesafe_km": 0.93,
        "sure_sn": 667,
        "sure_dk": 11.1
      },
      "geometry": {
        "type": "Point",
        "coordinates": [
          29.05559478600003,
          41.00218299900007
        ]
      }
    },
    {
      "type": "Feature",
      "properties": {
        "ada_parsel": "1101-8",
        "poi_id": "35",
        "poi_adi": "Onur Gıda",
        "kategori": "Yaşam",
        "alt_kategori": "AVM & Market",
        "mesafe_m": 232.3,
        "mesafe_km": 0.23,
        "sure_sn": 167.3,
        "sure_dk": 2.8
      },
      "geometry": {
        "type": "Point",
        "coordinates": [
          29.051336427000024,
          41.00498082200005
        ]
      }
    },
    {
      "type": "Feature",
      "properties": {
        "ada_parsel": "1101-8",
        "poi_id": "36",
        "poi_adi": "Carrefoursa Carrefour",
        "kategori": "Yaşam",
        "alt_kategori": "AVM & Market",
        "mesafe_m": 878.9,
        "mesafe_km": 0.88,
        "sure_sn": 632.8,
        "sure_dk": 10.5
      },
      "geometry": {
        "type": "Point",
        "coordinates": [
          29.050920072000054,
          41.00969667900006
        ]
      }
    },
    {
      "type": "Feature",
      "properties": {
        "ada_parsel": "1101-8",
        "poi_id": "37",
        "poi_adi": "Acıbadem Süpermarket",
        "kategori": "Yaşam",
        "alt_kategori": "AVM & Market",
        "mesafe_m": 124.7,
        "mesafe_km": 0.12,
        "sure_sn": 89.8,
        "sure_dk": 1.5
      },
      "geometry": {
        "type": "Point",
        "coordinates": [
          29.04920299400004,
          41.005008049000025
        ]
      }
    },
    {
      "type": "Feature",
      "properties": {
        "ada_parsel": "1101-8",
        "poi_id": "38",
        "poi_adi": "Görkem Et Kasap",
        "kategori": "Yaşam",
        "alt_kategori": "AVM & Market",
        "mesafe_m": 125.5,
        "mesafe_km": 0.13,
        "sure_sn": 90.4,
        "sure_dk": 1.5
      },
      "geometry": {
        "type": "Point",
        "coordinates": [
          29.049609230000044,
          41.00340390700006
        ]
      }
    },
    {
      "type": "Feature",
      "properties": {
        "ada_parsel": "1101-8",
        "poi_id": "39",
        "poi_adi": "Manav Acıbadem",
        "kategori": "Yaşam",
        "alt_kategori": "AVM & Market",
        "mesafe_m": 1364.2,
        "mesafe_km": 1.36,
        "sure_sn": 982.2,
        "sure_dk": 16.4
      },
      "geometry": {
        "type": "Point",
        "coordinates": [
          29.054239670000072,
          41.01346217400004
        ]
      }
    },
    {
      "type": "Feature",
      "properties": {
        "ada_parsel": "1101-8",
        "poi_id": "40",
        "poi_adi": "Macro Center",
        "kategori": "Yaşam",
        "alt_kategori": "AVM & Market",
        "mesafe_m": 738.4,
        "mesafe_km": 0.74,
        "sure_sn": 531.6,
        "sure_dk": 8.9
      },
      "geometry": {
        "type": "Point",
        "coordinates": [
          29.05470919700008,
          41.00120302400006
        ]
      }
    },
    {
      "type": "Feature",
      "properties": {
        "ada_parsel": "1101-8",
        "poi_id": "41",
        "poi_adi": "Migros Jet",
        "kategori": "Yaşam",
        "alt_kategori": "AVM & Market",
        "mesafe_m": 731.9,
        "mesafe_km": 0.73,
        "sure_sn": 527,
        "sure_dk": 8.8
      },
      "geometry": {
        "type": "Point",
        "coordinates": [
          29.05083780500007,
          41.00895101200007
        ]
      }
    },
    {
      "type": "Feature",
      "properties": {
        "ada_parsel": "1101-8",
        "poi_id": "42",
        "poi_adi": "Migros",
        "kategori": "Yaşam",
        "alt_kategori": "AVM & Market",
        "mesafe_m": 739.8,
        "mesafe_km": 0.74,
        "sure_sn": 532.6,
        "sure_dk": 8.9
      },
      "geometry": {
        "type": "Point",
        "coordinates": [
          29.050805763000028,
          41.00904865600006
        ]
      }
    },
    {
      "type": "Feature",
      "properties": {
        "ada_parsel": "1101-8",
        "poi_id": "43",
        "poi_adi": "Öz Besa Gıda Market",
        "kategori": "Yaşam",
        "alt_kategori": "AVM & Market",
        "mesafe_m": 333.6,
        "mesafe_km": 0.33,
        "sure_sn": 240.2,
        "sure_dk": 4
      },
      "geometry": {
        "type": "Point",
        "coordinates": [
          29.05130534700004,
          41.00650684900006
        ]
      }
    },
    {
      "type": "Feature",
      "properties": {
        "ada_parsel": "1101-8",
        "poi_id": "44",
        "poi_adi": "Macro Center - Acıbadem Şubesi",
        "kategori": "Yaşam",
        "alt_kategori": "AVM & Market",
        "mesafe_m": 690.3,
        "mesafe_km": 0.69,
        "sure_sn": 497,
        "sure_dk": 8.3
      },
      "geometry": {
        "type": "Point",
        "coordinates": [
          29.05045763100003,
          41.008688224000025
        ]
      }
    },
    {
      "type": "Feature",
      "properties": {
        "ada_parsel": "1101-8",
        "poi_id": "45",
        "poi_adi": "Nurcan Gıda",
        "kategori": "Yaşam",
        "alt_kategori": "AVM & Market",
        "mesafe_m": 761.2,
        "mesafe_km": 0.76,
        "sure_sn": 548,
        "sure_dk": 9.1
      },
      "geometry": {
        "type": "Point",
        "coordinates": [
          29.054006598000058,
          41.006108306000044
        ]
      }
    },
    {
      "type": "Feature",
      "properties": {
        "ada_parsel": "1101-8",
        "poi_id": "46",
        "poi_adi": "Mopaş - Acıbadem Şubesi",
        "kategori": "Yaşam",
        "alt_kategori": "AVM & Market",
        "mesafe_m": 862.6,
        "mesafe_km": 0.86,
        "sure_sn": 621.1,
        "sure_dk": 10.4
      },
      "geometry": {
        "type": "Point",
        "coordinates": [
          29.05163847800003,
          41.01006451400008
        ]
      }
    },
    {
      "type": "Feature",
      "properties": {
        "ada_parsel": "1101-8",
        "poi_id": "47",
        "poi_adi": "Sadabad Süt",
        "kategori": "Yaşam",
        "alt_kategori": "AVM & Market",
        "mesafe_m": 510.6,
        "mesafe_km": 0.51,
        "sure_sn": 367.6,
        "sure_dk": 6.1
      },
      "geometry": {
        "type": "Point",
        "coordinates": [
          29.047890736000056,
          41.00713915600005
        ]
      }
    },
    {
      "type": "Feature",
      "properties": {
        "ada_parsel": "1101-8",
        "poi_id": "48",
        "poi_adi": "Akasya Koru Evleri Parkı",
        "kategori": "Yaşam",
        "alt_kategori": "Park",
        "mesafe_m": 859.8,
        "mesafe_km": 0.86,
        "sure_sn": 619,
        "sure_dk": 10.3
      },
      "geometry": {
        "type": "Point",
        "coordinates": [
          29.054913404000047,
          41.00323614600006
        ]
      }
    },
    {
      "type": "Feature",
      "properties": {
        "ada_parsel": "1101-8",
        "poi_id": "49",
        "poi_adi": "Şehit Mete Sertbaşı Parkı",
        "kategori": "Yaşam",
        "alt_kategori": "Park",
        "mesafe_m": 316.2,
        "mesafe_km": 0.32,
        "sure_sn": 227.7,
        "sure_dk": 3.8
      },
      "geometry": {
        "type": "Point",
        "coordinates": [
          29.048624278000034,
          41.006176003000064
        ]
      }
    },
    {
      "type": "Feature",
      "properties": {
        "ada_parsel": "1101-8",
        "poi_id": "50",
        "poi_adi": "Atıf Bey Parkı",
        "kategori": "Yaşam",
        "alt_kategori": "Park",
        "mesafe_m": 890.8,
        "mesafe_km": 0.89,
        "sure_sn": 641.3,
        "sure_dk": 10.7
      },
      "geometry": {
        "type": "Point",
        "coordinates": [
          29.04683957700007,
          41.010832986000025
        ]
      }
    },
    {
      "type": "Feature",
      "properties": {
        "ada_parsel": "1101-8",
        "poi_id": "51",
        "poi_adi": "Gülistan Parkı",
        "kategori": "Yaşam",
        "alt_kategori": "Park",
        "mesafe_m": 911.7,
        "mesafe_km": 0.91,
        "sure_sn": 656.4,
        "sure_dk": 10.9
      },
      "geometry": {
        "type": "Point",
        "coordinates": [
          29.04833519600004,
          41.010468882000055
        ]
      }
    },
    {
      "type": "Feature",
      "properties": {
        "ada_parsel": "1101-8",
        "poi_id": "52",
        "poi_adi": "Erdem Parkı",
        "kategori": "Yaşam",
        "alt_kategori": "Park",
        "mesafe_m": 902.3,
        "mesafe_km": 0.9,
        "sure_sn": 649.6,
        "sure_dk": 10.8
      },
      "geometry": {
        "type": "Point",
        "coordinates": [
          29.049278051000044,
          41.00991845600004
        ]
      }
    },
    {
      "type": "Feature",
      "properties": {
        "ada_parsel": "1101-8",
        "poi_id": "53",
        "poi_adi": "Menekşe Parkı",
        "kategori": "Yaşam",
        "alt_kategori": "Park",
        "mesafe_m": 1210.8,
        "mesafe_km": 1.21,
        "sure_sn": 871.8,
        "sure_dk": 14.5
      },
      "geometry": {
        "type": "Point",
        "coordinates": [
          29.051959010000076,
          41.01282326000006
        ]
      }
    },
    {
      "type": "Feature",
      "properties": {
        "ada_parsel": "1101-8",
        "poi_id": "54",
        "poi_adi": "Valievleri Parkı",
        "kategori": "Yaşam",
        "alt_kategori": "Park",
        "mesafe_m": 923,
        "mesafe_km": 0.92,
        "sure_sn": 664.5,
        "sure_dk": 11.1
      },
      "geometry": {
        "type": "Point",
        "coordinates": [
          29.054072165000036,
          41.00544116900005
        ]
      }
    },
    {
      "type": "Feature",
      "properties": {
        "ada_parsel": "1101-8",
        "poi_id": "55",
        "poi_adi": "75. Yıl Cumhuriyet Parkı",
        "kategori": "Yaşam",
        "alt_kategori": "Park",
        "mesafe_m": 1497.8,
        "mesafe_km": 1.5,
        "sure_sn": 1078.4,
        "sure_dk": 18
      },
      "geometry": {
        "type": "Point",
        "coordinates": [
          29.04507480500007,
          41.01201434500007
        ]
      }
    },
    {
      "type": "Feature",
      "properties": {
        "ada_parsel": "1101-8",
        "poi_id": "56",
        "poi_adi": "K Pilates",
        "kategori": "Yaşam",
        "alt_kategori": "Spor Salonu&Tesisi",
        "mesafe_m": 1280.1,
        "mesafe_km": 1.28,
        "sure_sn": 921.7,
        "sure_dk": 15.4
      },
      "geometry": {
        "type": "Point",
        "coordinates": [
          29.05492248400003,
          41.013518343000044
        ]
      }
    },
    {
      "type": "Feature",
      "properties": {
        "ada_parsel": "1101-8",
        "poi_id": "57",
        "poi_adi": "Basketbol Sahası",
        "kategori": "Yaşam",
        "alt_kategori": "Spor Salonu&Tesisi",
        "mesafe_m": 1492.8,
        "mesafe_km": 1.49,
        "sure_sn": 1074.8,
        "sure_dk": 17.9
      },
      "geometry": {
        "type": "Point",
        "coordinates": [
          29.045090893000065,
          41.01182606000003
        ]
      }
    },
    {
      "type": "Feature",
      "properties": {
        "ada_parsel": "1101-8",
        "poi_id": "58",
        "poi_adi": "Erdem Parkı Basketbol Sahası",
        "kategori": "Yaşam",
        "alt_kategori": "Spor Salonu&Tesisi",
        "mesafe_m": 886.8,
        "mesafe_km": 0.89,
        "sure_sn": 638.5,
        "sure_dk": 10.6
      },
      "geometry": {
        "type": "Point",
        "coordinates": [
          29.049383272000057,
          41.009799755000074
        ]
      }
    },
    {
      "type": "Feature",
      "properties": {
        "ada_parsel": "1101-8",
        "poi_id": "59",
        "poi_adi": "Uzunçayir",
        "kategori": "Ulaşım",
        "alt_kategori": "Metrobüs",
        "mesafe_m": 1347.9,
        "mesafe_km": 1.35,
        "sure_sn": 970.5,
        "sure_dk": 16.2
      },
      "geometry": {
        "type": "Point",
        "coordinates": [
          29.056611694000026,
          40.99890731100004
        ]
      }
    },
    {
      "type": "Feature",
      "properties": {
        "ada_parsel": "1101-8",
        "poi_id": "60",
        "poi_adi": "UZUNÇAYIR METROBÜS Durağı",
        "kategori": "Ulaşım",
        "alt_kategori": "Otobüs",
        "mesafe_m": 1566.4,
        "mesafe_km": 1.57,
        "sure_sn": 1127.8,
        "sure_dk": 18.8
      },
      "geometry": {
        "type": "Point",
        "coordinates": [
          29.054369,
          40.99988500100005
        ]
      }
    },
    {
      "type": "Feature",
      "properties": {
        "ada_parsel": "1101-8",
        "poi_id": "61",
        "poi_adi": "ŞEHİT MURAT NAİBOĞLU Durağı",
        "kategori": "Ulaşım",
        "alt_kategori": "Otobüs",
        "mesafe_m": 679.2,
        "mesafe_km": 0.68,
        "sure_sn": 489,
        "sure_dk": 8.2
      },
      "geometry": {
        "type": "Point",
        "coordinates": [
          29.050053,
          41.00851400100004
        ]
      }
    },
    {
      "type": "Feature",
      "properties": {
        "ada_parsel": "1101-8",
        "poi_id": "62",
        "poi_adi": "ŞEHİT MURAT MERTEL Durağı",
        "kategori": "Ulaşım",
        "alt_kategori": "Otobüs",
        "mesafe_m": 872.2,
        "mesafe_km": 0.87,
        "sure_sn": 628,
        "sure_dk": 10.5
      },
      "geometry": {
        "type": "Point",
        "coordinates": [
          29.051407,
          41.01016800100007
        ]
      }
    },
    {
      "type": "Feature",
      "properties": {
        "ada_parsel": "1101-8",
        "poi_id": "63",
        "poi_adi": "ACIBADEM CADDESİ Durağı",
        "kategori": "Ulaşım",
        "alt_kategori": "Otobüs",
        "mesafe_m": 999,
        "mesafe_km": 1,
        "sure_sn": 719.3,
        "sure_dk": 12
      },
      "geometry": {
        "type": "Point",
        "coordinates": [
          29.052389,
          41.011325001000046
        ]
      }
    },
    {
      "type": "Feature",
      "properties": {
        "ada_parsel": "1101-8",
        "poi_id": "64",
        "poi_adi": "TÜRK TELEKOM - ÇAMLICA KIZ LİSESİ Durağı",
        "kategori": "Ulaşım",
        "alt_kategori": "Otobüs",
        "mesafe_m": 468,
        "mesafe_km": 0.47,
        "sure_sn": 337,
        "sure_dk": 5.6
      },
      "geometry": {
        "type": "Point",
        "coordinates": [
          29.048397,
          41.007074001000035
        ]
      }
    },
    {
      "type": "Feature",
      "properties": {
        "ada_parsel": "1101-8",
        "poi_id": "65",
        "poi_adi": "ATIF BEY SOKAK Durağı",
        "kategori": "Ulaşım",
        "alt_kategori": "Otobüs",
        "mesafe_m": 1006.6,
        "mesafe_km": 1.01,
        "sure_sn": 724.7,
        "sure_dk": 12.1
      },
      "geometry": {
        "type": "Point",
        "coordinates": [
          29.041746,
          41.01010000100007
        ]
      }
    },
    {
      "type": "Feature",
      "properties": {
        "ada_parsel": "1101-8",
        "poi_id": "66",
        "poi_adi": "VALİDEBAĞ SANATORYUM Durağı",
        "kategori": "Ulaşım",
        "alt_kategori": "Otobüs",
        "mesafe_m": 1272.3,
        "mesafe_km": 1.27,
        "sure_sn": 916,
        "sure_dk": 15.3
      },
      "geometry": {
        "type": "Point",
        "coordinates": [
          29.040167,
          41.011276001000056
        ]
      }
    },
    {
      "type": "Feature",
      "properties": {
        "ada_parsel": "1101-8",
        "poi_id": "67",
        "poi_adi": "TİMLO SİTESİ Durağı",
        "kategori": "Ulaşım",
        "alt_kategori": "Otobüs",
        "mesafe_m": 875.5,
        "mesafe_km": 0.88,
        "sure_sn": 630.4,
        "sure_dk": 10.5
      },
      "geometry": {
        "type": "Point",
        "coordinates": [
          29.054798,
          41.00513200100005
        ]
      }
    },
    {
      "type": "Feature",
      "properties": {
        "ada_parsel": "1101-8",
        "poi_id": "68",
        "poi_adi": "VALİEVLERİ Durağı",
        "kategori": "Ulaşım",
        "alt_kategori": "Otobüs",
        "mesafe_m": 706.5,
        "mesafe_km": 0.71,
        "sure_sn": 508.7,
        "sure_dk": 8.5
      },
      "geometry": {
        "type": "Point",
        "coordinates": [
          29.054623,
          41.00675700100004
        ]
      }
    },
    {
      "type": "Feature",
      "properties": {
        "ada_parsel": "1101-8",
        "poi_id": "69",
        "poi_adi": "AKASYA KONUTLARI GÖL ETABI Durağı",
        "kategori": "Ulaşım",
        "alt_kategori": "Otobüs",
        "mesafe_m": 872,
        "mesafe_km": 0.87,
        "sure_sn": 627.9,
        "sure_dk": 10.5
      },
      "geometry": {
        "type": "Point",
        "coordinates": [
          29.055789,
          41.00642600100008
        ]
      }
    },
    {
      "type": "Feature",
      "properties": {
        "ada_parsel": "1101-8",
        "poi_id": "70",
        "poi_adi": "LALEZAR Durağı",
        "kategori": "Ulaşım",
        "alt_kategori": "Otobüs",
        "mesafe_m": 1207.9,
        "mesafe_km": 1.21,
        "sure_sn": 869.7,
        "sure_dk": 14.5
      },
      "geometry": {
        "type": "Point",
        "coordinates": [
          29.059995,
          41.006368001000055
        ]
      }
    },
    {
      "type": "Feature",
      "properties": {
        "ada_parsel": "1101-8",
        "poi_id": "71",
        "poi_adi": "BEGONYA Durağı",
        "kategori": "Ulaşım",
        "alt_kategori": "Otobüs",
        "mesafe_m": 1341.9,
        "mesafe_km": 1.34,
        "sure_sn": 966.1,
        "sure_dk": 16.1
      },
      "geometry": {
        "type": "Point",
        "coordinates": [
          29.059364,
          41.00526300100006
        ]
      }
    },
    {
      "type": "Feature",
      "properties": {
        "ada_parsel": "1101-8",
        "poi_id": "72",
        "poi_adi": "MİMOZA Durağı",
        "kategori": "Ulaşım",
        "alt_kategori": "Otobüs",
        "mesafe_m": 1004,
        "mesafe_km": 1,
        "sure_sn": 722.9,
        "sure_dk": 12
      },
      "geometry": {
        "type": "Point",
        "coordinates": [
          29.057225,
          41.002180001000056
        ]
      }
    },
    {
      "type": "Feature",
      "properties": {
        "ada_parsel": "1101-8",
        "poi_id": "73",
        "poi_adi": "AKASYA Durağı",
        "kategori": "Ulaşım",
        "alt_kategori": "Otobüs",
        "mesafe_m": 1067.4,
        "mesafe_km": 1.07,
        "sure_sn": 768.5,
        "sure_dk": 12.8
      },
      "geometry": {
        "type": "Point",
        "coordinates": [
          29.05647,
          41.00468600100004
        ]
      }
    },
    {
      "type": "Feature",
      "properties": {
        "ada_parsel": "1101-8",
        "poi_id": "74",
        "poi_adi": "UZUNÇAYIR Durağı",
        "kategori": "Ulaşım",
        "alt_kategori": "Otobüs",
        "mesafe_m": 912.5,
        "mesafe_km": 0.91,
        "sure_sn": 657,
        "sure_dk": 10.9
      },
      "geometry": {
        "type": "Point",
        "coordinates": [
          29.057276975000036,
          40.999567022000065
        ]
      }
    },
    {
      "type": "Feature",
      "properties": {
        "ada_parsel": "1101-8",
        "poi_id": "75",
        "poi_adi": "Arby'S",
        "kategori": "Sosyal&Kültürel",
        "alt_kategori": "Kafe & Restaurant",
        "mesafe_m": 813.3,
        "mesafe_km": 0.81,
        "sure_sn": 585.6,
        "sure_dk": 9.8
      },
      "geometry": {
        "type": "Point",
        "coordinates": [
          29.05531435900008,
          41.00120316700003
        ]
      }
    },
    {
      "type": "Feature",
      "properties": {
        "ada_parsel": "1101-8",
        "poi_id": "76",
        "poi_adi": "Fener Balık Kosuyolu",
        "kategori": "Sosyal&Kültürel",
        "alt_kategori": "Kafe & Restaurant",
        "mesafe_m": 1059.7,
        "mesafe_km": 1.06,
        "sure_sn": 763,
        "sure_dk": 12.7
      },
      "geometry": {
        "type": "Point",
        "coordinates": [
          29.041867136000064,
          41.010375389000046
        ]
      }
    },
    {
      "type": "Feature",
      "properties": {
        "ada_parsel": "1101-8",
        "poi_id": "77",
        "poi_adi": "Arsamiea Çiğköfte",
        "kategori": "Sosyal&Kültürel",
        "alt_kategori": "Kafe & Restaurant",
        "mesafe_m": 356.8,
        "mesafe_km": 0.36,
        "sure_sn": 256.9,
        "sure_dk": 4.3
      },
      "geometry": {
        "type": "Point",
        "coordinates": [
          29.051116173000025,
          41.00662325700006
        ]
      }
    },
    {
      "type": "Feature",
      "properties": {
        "ada_parsel": "1101-8",
        "poi_id": "78",
        "poi_adi": "Arsamiea Çiğköfte",
        "kategori": "Sosyal&Kültürel",
        "alt_kategori": "Kafe & Restaurant",
        "mesafe_m": 466.3,
        "mesafe_km": 0.47,
        "sure_sn": 335.7,
        "sure_dk": 5.6
      },
      "geometry": {
        "type": "Point",
        "coordinates": [
          29.051505854000027,
          41.00730756400003
        ]
      }
    },
    {
      "type": "Feature",
      "properties": {
        "ada_parsel": "1101-8",
        "poi_id": "79",
        "poi_adi": "Kuğu Pastanesi",
        "kategori": "Sosyal&Kültürel",
        "alt_kategori": "Kafe & Restaurant",
        "mesafe_m": 569.9,
        "mesafe_km": 0.57,
        "sure_sn": 410.4,
        "sure_dk": 6.8
      },
      "geometry": {
        "type": "Point",
        "coordinates": [
          29.04976779800006,
          41.007736555000065
        ]
      }
    },
    {
      "type": "Feature",
      "properties": {
        "ada_parsel": "1101-8",
        "poi_id": "80",
        "poi_adi": "Sushico",
        "kategori": "Sosyal&Kültürel",
        "alt_kategori": "Kafe & Restaurant",
        "mesafe_m": 837,
        "mesafe_km": 0.84,
        "sure_sn": 602.6,
        "sure_dk": 10
      },
      "geometry": {
        "type": "Point",
        "coordinates": [
          29.055443065000077,
          41.001398265000034
        ]
      }
    },
    {
      "type": "Feature",
      "properties": {
        "ada_parsel": "1101-8",
        "poi_id": "81",
        "poi_adi": "Starbucks",
        "kategori": "Sosyal&Kültürel",
        "alt_kategori": "Kafe & Restaurant",
        "mesafe_m": 738.4,
        "mesafe_km": 0.74,
        "sure_sn": 531.6,
        "sure_dk": 8.9
      },
      "geometry": {
        "type": "Point",
        "coordinates": [
          29.054409925000073,
          41.001099992000036
        ]
      }
    },
    {
      "type": "Feature",
      "properties": {
        "ada_parsel": "1101-8",
        "poi_id": "82",
        "poi_adi": "Hanimeli Restorant",
        "kategori": "Sosyal&Kültürel",
        "alt_kategori": "Kafe & Restaurant",
        "mesafe_m": 739.8,
        "mesafe_km": 0.74,
        "sure_sn": 532.6,
        "sure_dk": 8.9
      },
      "geometry": {
        "type": "Point",
        "coordinates": [
          29.050805763000028,
          41.00904865600006
        ]
      }
    },
    {
      "type": "Feature",
      "properties": {
        "ada_parsel": "1101-8",
        "poi_id": "83",
        "poi_adi": "Cafe Deyim",
        "kategori": "Sosyal&Kültürel",
        "alt_kategori": "Kafe & Restaurant",
        "mesafe_m": 800,
        "mesafe_km": 0.8,
        "sure_sn": 576,
        "sure_dk": 9.6
      },
      "geometry": {
        "type": "Point",
        "coordinates": [
          29.050691216000075,
          41.00942454400007
        ]
      }
    },
    {
      "type": "Feature",
      "properties": {
        "ada_parsel": "1101-8",
        "poi_id": "84",
        "poi_adi": "Diff Acıbadem",
        "kategori": "Sosyal&Kültürel",
        "alt_kategori": "Kafe & Restaurant",
        "mesafe_m": 1356.5,
        "mesafe_km": 1.36,
        "sure_sn": 976.6,
        "sure_dk": 16.3
      },
      "geometry": {
        "type": "Point",
        "coordinates": [
          29.054252792000057,
          41.01361647200008
        ]
      }
    },
    {
      "type": "Feature",
      "properties": {
        "ada_parsel": "1101-8",
        "poi_id": "85",
        "poi_adi": "Mcdonald'S",
        "kategori": "Sosyal&Kültürel",
        "alt_kategori": "Kafe & Restaurant",
        "mesafe_m": 857.4,
        "mesafe_km": 0.86,
        "sure_sn": 617.3,
        "sure_dk": 10.3
      },
      "geometry": {
        "type": "Point",
        "coordinates": [
          29.055448606000027,
          41.00158648100006
        ]
      }
    },
    {
      "type": "Feature",
      "properties": {
        "ada_parsel": "1101-8",
        "poi_id": "86",
        "poi_adi": "Burger King",
        "kategori": "Sosyal&Kültürel",
        "alt_kategori": "Kafe & Restaurant",
        "mesafe_m": 778.9,
        "mesafe_km": 0.78,
        "sure_sn": 560.8,
        "sure_dk": 9.3
      },
      "geometry": {
        "type": "Point",
        "coordinates": [
          29.055175421000058,
          41.00091116900006
        ]
      }
    },
    {
      "type": "Feature",
      "properties": {
        "ada_parsel": "1101-8",
        "poi_id": "87",
        "poi_adi": "Kukis Kafe",
        "kategori": "Sosyal&Kültürel",
        "alt_kategori": "Kafe & Restaurant",
        "mesafe_m": 561.6,
        "mesafe_km": 0.56,
        "sure_sn": 404.3,
        "sure_dk": 6.7
      },
      "geometry": {
        "type": "Point",
        "coordinates": [
          29.049711599000034,
          41.007674276000046
        ]
      }
    },
    {
      "type": "Feature",
      "properties": {
        "ada_parsel": "1101-8",
        "poi_id": "88",
        "poi_adi": "Starbucks",
        "kategori": "Sosyal&Kültürel",
        "alt_kategori": "Kafe & Restaurant",
        "mesafe_m": 897.3,
        "mesafe_km": 0.9,
        "sure_sn": 646.1,
        "sure_dk": 10.8
      },
      "geometry": {
        "type": "Point",
        "coordinates": [
          29.05186357300005,
          41.01032624900006
        ]
      }
    },
    {
      "type": "Feature",
      "properties": {
        "ada_parsel": "1101-8",
        "poi_id": "89",
        "poi_adi": "Kahve Dünyası",
        "kategori": "Sosyal&Kültürel",
        "alt_kategori": "Kafe & Restaurant",
        "mesafe_m": 786.6,
        "mesafe_km": 0.79,
        "sure_sn": 566.3,
        "sure_dk": 9.4
      },
      "geometry": {
        "type": "Point",
        "coordinates": [
          29.054096472000026,
          41.00168271900003
        ]
      }
    },
    {
      "type": "Feature",
      "properties": {
        "ada_parsel": "1101-8",
        "poi_id": "90",
        "poi_adi": "Amaretto Cafe",
        "kategori": "Sosyal&Kültürel",
        "alt_kategori": "Kafe & Restaurant",
        "mesafe_m": 410.8,
        "mesafe_km": 0.41,
        "sure_sn": 295.8,
        "sure_dk": 4.9
      },
      "geometry": {
        "type": "Point",
        "coordinates": [
          29.04693051000004,
          41.00665208200007
        ]
      }
    },
    {
      "type": "Feature",
      "properties": {
        "ada_parsel": "1101-8",
        "poi_id": "91",
        "poi_adi": "Popeyes",
        "kategori": "Sosyal&Kültürel",
        "alt_kategori": "Kafe & Restaurant",
        "mesafe_m": 771.7,
        "mesafe_km": 0.77,
        "sure_sn": 555.6,
        "sure_dk": 9.3
      },
      "geometry": {
        "type": "Point",
        "coordinates": [
          29.054706647000046,
          41.00168772400008
        ]
      }
    },
    {
      "type": "Feature",
      "properties": {
        "ada_parsel": "1101-8",
        "poi_id": "92",
        "poi_adi": "Pidem Restaurant Işletmeleri Gıda.Tur.InşVe ",
        "kategori": "Sosyal&Kültürel",
        "alt_kategori": "Kafe & Restaurant",
        "mesafe_m": 738.4,
        "mesafe_km": 0.74,
        "sure_sn": 531.6,
        "sure_dk": 8.9
      },
      "geometry": {
        "type": "Point",
        "coordinates": [
          29.054804782000076,
          41.00162743000004
        ]
      }
    },
    {
      "type": "Feature",
      "properties": {
        "ada_parsel": "1101-8",
        "poi_id": "93",
        "poi_adi": "Ceasar Kahvaltı",
        "kategori": "Sosyal&Kültürel",
        "alt_kategori": "Kafe & Restaurant",
        "mesafe_m": 1176.9,
        "mesafe_km": 1.18,
        "sure_sn": 847.3,
        "sure_dk": 14.1
      },
      "geometry": {
        "type": "Point",
        "coordinates": [
          29.05415610800003,
          41.012790531000064
        ]
      }
    },
    {
      "type": "Feature",
      "properties": {
        "ada_parsel": "1101-8",
        "poi_id": "94",
        "poi_adi": "Has Mantı",
        "kategori": "Sosyal&Kültürel",
        "alt_kategori": "Kafe & Restaurant",
        "mesafe_m": 290.6,
        "mesafe_km": 0.29,
        "sure_sn": 209.3,
        "sure_dk": 3.5
      },
      "geometry": {
        "type": "Point",
        "coordinates": [
          29.05150253000005,
          41.00620121900005
        ]
      }
    },
    {
      "type": "Feature",
      "properties": {
        "ada_parsel": "1101-8",
        "poi_id": "95",
        "poi_adi": "Tavuk Dünyası",
        "kategori": "Sosyal&Kültürel",
        "alt_kategori": "Kafe & Restaurant",
        "mesafe_m": 724.2,
        "mesafe_km": 0.72,
        "sure_sn": 521.4,
        "sure_dk": 8.7
      },
      "geometry": {
        "type": "Point",
        "coordinates": [
          29.054116780000072,
          41.00072264900007
        ]
      }
    },
    {
      "type": "Feature",
      "properties": {
        "ada_parsel": "1101-8",
        "poi_id": "96",
        "poi_adi": "Sıla Mersin Tantuni",
        "kategori": "Sosyal&Kültürel",
        "alt_kategori": "Kafe & Restaurant",
        "mesafe_m": 958.8,
        "mesafe_km": 0.96,
        "sure_sn": 690.4,
        "sure_dk": 11.5
      },
      "geometry": {
        "type": "Point",
        "coordinates": [
          29.051920713000072,
          41.01102485500007
        ]
      }
    },
    {
      "type": "Feature",
      "properties": {
        "ada_parsel": "1101-8",
        "poi_id": "97",
        "poi_adi": "Genetti Mağzacilik  (Köfteci Ramiz)",
        "kategori": "Sosyal&Kültürel",
        "alt_kategori": "Kafe & Restaurant",
        "mesafe_m": 864.8,
        "mesafe_km": 0.86,
        "sure_sn": 622.7,
        "sure_dk": 10.4
      },
      "geometry": {
        "type": "Point",
        "coordinates": [
          29.05111362200006,
          41.01014647000005
        ]
      }
    },
    {
      "type": "Feature",
      "properties": {
        "ada_parsel": "1101-8",
        "poi_id": "98",
        "poi_adi": "Shake Shack",
        "kategori": "Sosyal&Kültürel",
        "alt_kategori": "Kafe & Restaurant",
        "mesafe_m": 738.4,
        "mesafe_km": 0.74,
        "sure_sn": 531.6,
        "sure_dk": 8.9
      },
      "geometry": {
        "type": "Point",
        "coordinates": [
          29.05455967900008,
          41.00129632000005
        ]
      }
    },
    {
      "type": "Feature",
      "properties": {
        "ada_parsel": "1101-8",
        "poi_id": "99",
        "poi_adi": "Bella Ev Yemekleri",
        "kategori": "Sosyal&Kültürel",
        "alt_kategori": "Kafe & Restaurant",
        "mesafe_m": 1186.2,
        "mesafe_km": 1.19,
        "sure_sn": 854,
        "sure_dk": 14.2
      },
      "geometry": {
        "type": "Point",
        "coordinates": [
          29.054230159000042,
          41.012859528000035
        ]
      }
    },
    {
      "type": "Feature",
      "properties": {
        "ada_parsel": "1101-8",
        "poi_id": "100",
        "poi_adi": "Happy Moon'S",
        "kategori": "Sosyal&Kültürel",
        "alt_kategori": "Kafe & Restaurant",
        "mesafe_m": 816.4,
        "mesafe_km": 0.82,
        "sure_sn": 587.8,
        "sure_dk": 9.8
      },
      "geometry": {
        "type": "Point",
        "coordinates": [
          29.055444229000045,
          41.002650655000025
        ]
      }
    },
    {
      "type": "Feature",
      "properties": {
        "ada_parsel": "1101-8",
        "poi_id": "101",
        "poi_adi": "Midpoint",
        "kategori": "Sosyal&Kültürel",
        "alt_kategori": "Kafe & Restaurant",
        "mesafe_m": 787.7,
        "mesafe_km": 0.79,
        "sure_sn": 567.1,
        "sure_dk": 9.5
      },
      "geometry": {
        "type": "Point",
        "coordinates": [
          29.05405927000004,
          41.001680786000065
        ]
      }
    },
    {
      "type": "Feature",
      "properties": {
        "ada_parsel": "1101-8",
        "poi_id": "102",
        "poi_adi": "Eu Can Turizm",
        "kategori": "Sosyal&Kültürel",
        "alt_kategori": "Kafe & Restaurant",
        "mesafe_m": 738.4,
        "mesafe_km": 0.74,
        "sure_sn": 531.6,
        "sure_dk": 8.9
      },
      "geometry": {
        "type": "Point",
        "coordinates": [
          29.054804782000076,
          41.00162743000004
        ]
      }
    },
    {
      "type": "Feature",
      "properties": {
        "ada_parsel": "1101-8",
        "poi_id": "103",
        "poi_adi": "Arsemiea Çiğ Köfte",
        "kategori": "Sosyal&Kültürel",
        "alt_kategori": "Kafe & Restaurant",
        "mesafe_m": 173.5,
        "mesafe_km": 0.17,
        "sure_sn": 124.9,
        "sure_dk": 2.1
      },
      "geometry": {
        "type": "Point",
        "coordinates": [
          29.050749650000057,
          41.005311437000046
        ]
      }
    },
    {
      "type": "Feature",
      "properties": {
        "ada_parsel": "1101-8",
        "poi_id": "104",
        "poi_adi": "Sihirli Spatula Pasta Cafe",
        "kategori": "Sosyal&Kültürel",
        "alt_kategori": "Kafe & Restaurant",
        "mesafe_m": 893.6,
        "mesafe_km": 0.89,
        "sure_sn": 643.4,
        "sure_dk": 10.7
      },
      "geometry": {
        "type": "Point",
        "coordinates": [
          29.051938982000024,
          41.010251924000045
        ]
      }
    },
    {
      "type": "Feature",
      "properties": {
        "ada_parsel": "1101-8",
        "poi_id": "105",
        "poi_adi": "Acıbadem Tavukçusu",
        "kategori": "Sosyal&Kültürel",
        "alt_kategori": "Kafe & Restaurant",
        "mesafe_m": 520.3,
        "mesafe_km": 0.52,
        "sure_sn": 374.6,
        "sure_dk": 6.2
      },
      "geometry": {
        "type": "Point",
        "coordinates": [
          29.047992054000076,
          41.007193517000076
        ]
      }
    },
    {
      "type": "Feature",
      "properties": {
        "ada_parsel": "1101-8",
        "poi_id": "106",
        "poi_adi": "2D1Y Fast Food",
        "kategori": "Sosyal&Kültürel",
        "alt_kategori": "Kafe & Restaurant",
        "mesafe_m": 1367.2,
        "mesafe_km": 1.37,
        "sure_sn": 984.4,
        "sure_dk": 16.4
      },
      "geometry": {
        "type": "Point",
        "coordinates": [
          29.054268730000047,
          41.013444751000065
        ]
      }
    },
    {
      "type": "Feature",
      "properties": {
        "ada_parsel": "1101-8",
        "poi_id": "107",
        "poi_adi": "Carl'S Junior",
        "kategori": "Sosyal&Kültürel",
        "alt_kategori": "Kafe & Restaurant",
        "mesafe_m": 817.4,
        "mesafe_km": 0.82,
        "sure_sn": 588.5,
        "sure_dk": 9.8
      },
      "geometry": {
        "type": "Point",
        "coordinates": [
          29.055426089000036,
          41.00121936900007
        ]
      }
    },
    {
      "type": "Feature",
      "properties": {
        "ada_parsel": "1101-8",
        "poi_id": "108",
        "poi_adi": "La Cocina",
        "kategori": "Sosyal&Kültürel",
        "alt_kategori": "Kafe & Restaurant",
        "mesafe_m": 1619.8,
        "mesafe_km": 1.62,
        "sure_sn": 1166.2,
        "sure_dk": 19.4
      },
      "geometry": {
        "type": "Point",
        "coordinates": [
          29.057471931000066,
          41.00494860600003
        ]
      }
    },
    {
      "type": "Feature",
      "properties": {
        "ada_parsel": "1101-8",
        "poi_id": "109",
        "poi_adi": "Lezzet Bahçesi",
        "kategori": "Sosyal&Kültürel",
        "alt_kategori": "Kafe & Restaurant",
        "mesafe_m": 790.1,
        "mesafe_km": 0.79,
        "sure_sn": 568.9,
        "sure_dk": 9.5
      },
      "geometry": {
        "type": "Point",
        "coordinates": [
          29.050390770000035,
          41.009364136000045
        ]
      }
    },
    {
      "type": "Feature",
      "properties": {
        "ada_parsel": "1101-8",
        "poi_id": "110",
        "poi_adi": "Sarıyer Börekçisi",
        "kategori": "Sosyal&Kültürel",
        "alt_kategori": "Kafe & Restaurant",
        "mesafe_m": 1046.4,
        "mesafe_km": 1.05,
        "sure_sn": 753.4,
        "sure_dk": 12.6
      },
      "geometry": {
        "type": "Point",
        "coordinates": [
          29.053003769000043,
          41.01163477500006
        ]
      }
    },
    {
      "type": "Feature",
      "properties": {
        "ada_parsel": "1101-8",
        "poi_id": "111",
        "poi_adi": "Hakasya Gıda ",
        "kategori": "Sosyal&Kültürel",
        "alt_kategori": "Kafe & Restaurant",
        "mesafe_m": 738.4,
        "mesafe_km": 0.74,
        "sure_sn": 531.6,
        "sure_dk": 8.9
      },
      "geometry": {
        "type": "Point",
        "coordinates": [
          29.054804782000076,
          41.00162743000004
        ]
      }
    },
    {
      "type": "Feature",
      "properties": {
        "ada_parsel": "1101-8",
        "poi_id": "112",
        "poi_adi": "End Coffee",
        "kategori": "Sosyal&Kültürel",
        "alt_kategori": "Kafe & Restaurant",
        "mesafe_m": 420.7,
        "mesafe_km": 0.42,
        "sure_sn": 302.9,
        "sure_dk": 5
      },
      "geometry": {
        "type": "Point",
        "coordinates": [
          29.047035062000077,
          41.006700006000074
        ]
      }
    },
    {
      "type": "Feature",
      "properties": {
        "ada_parsel": "1101-8",
        "poi_id": "113",
        "poi_adi": "Kirpi Cafe",
        "kategori": "Sosyal&Kültürel",
        "alt_kategori": "Kafe & Restaurant",
        "mesafe_m": 853.9,
        "mesafe_km": 0.85,
        "sure_sn": 614.8,
        "sure_dk": 10.2
      },
      "geometry": {
        "type": "Point",
        "coordinates": [
          29.055309629000078,
          41.00158193800007
        ]
      }
    },
    {
      "type": "Feature",
      "properties": {
        "ada_parsel": "1101-8",
        "poi_id": "114",
        "poi_adi": "Mor Gıda Turizm ",
        "kategori": "Sosyal&Kültürel",
        "alt_kategori": "Kafe & Restaurant",
        "mesafe_m": 738.4,
        "mesafe_km": 0.74,
        "sure_sn": 531.6,
        "sure_dk": 8.9
      },
      "geometry": {
        "type": "Point",
        "coordinates": [
          29.054804782000076,
          41.00162743000004
        ]
      }
    },
    {
      "type": "Feature",
      "properties": {
        "ada_parsel": "1101-8",
        "poi_id": "115",
        "poi_adi": "Kukiş Bahçe Cafe",
        "kategori": "Sosyal&Kültürel",
        "alt_kategori": "Kafe & Restaurant",
        "mesafe_m": 583.7,
        "mesafe_km": 0.58,
        "sure_sn": 420.2,
        "sure_dk": 7
      },
      "geometry": {
        "type": "Point",
        "coordinates": [
          29.049843031000023,
          41.00784695300007
        ]
      }
    },
    {
      "type": "Feature",
      "properties": {
        "ada_parsel": "1101-8",
        "poi_id": "116",
        "poi_adi": "Ticket Restaurant",
        "kategori": "Sosyal&Kültürel",
        "alt_kategori": "Kafe & Restaurant",
        "mesafe_m": 1011.7,
        "mesafe_km": 1.01,
        "sure_sn": 728.4,
        "sure_dk": 12.1
      },
      "geometry": {
        "type": "Point",
        "coordinates": [
          29.04540027300004,
          41.01052034200006
        ]
      }
    },
    {
      "type": "Feature",
      "properties": {
        "ada_parsel": "1101-8",
        "poi_id": "117",
        "poi_adi": "Kadınların Elinden",
        "kategori": "Sosyal&Kültürel",
        "alt_kategori": "Kafe & Restaurant",
        "mesafe_m": 707.9,
        "mesafe_km": 0.71,
        "sure_sn": 509.7,
        "sure_dk": 8.5
      },
      "geometry": {
        "type": "Point",
        "coordinates": [
          29.05495687900003,
          41.00056236700004
        ]
      }
    },
    {
      "type": "Feature",
      "properties": {
        "ada_parsel": "1101-8",
        "poi_id": "118",
        "poi_adi": "Bizim Lokanta",
        "kategori": "Sosyal&Kültürel",
        "alt_kategori": "Kafe & Restaurant",
        "mesafe_m": 808.4,
        "mesafe_km": 0.81,
        "sure_sn": 582.1,
        "sure_dk": 9.7
      },
      "geometry": {
        "type": "Point",
        "coordinates": [
          29.05499334500007,
          41.002177578000044
        ]
      }
    },
    {
      "type": "Feature",
      "properties": {
        "ada_parsel": "1101-8",
        "poi_id": "119",
        "poi_adi": "Ice Cafe Restaurant",
        "kategori": "Sosyal&Kültürel",
        "alt_kategori": "Kafe & Restaurant",
        "mesafe_m": 900,
        "mesafe_km": 0.9,
        "sure_sn": 648,
        "sure_dk": 10.8
      },
      "geometry": {
        "type": "Point",
        "coordinates": [
          29.051922713000067,
          41.010395052000035
        ]
      }
    },
    {
      "type": "Feature",
      "properties": {
        "ada_parsel": "1101-8",
        "poi_id": "120",
        "poi_adi": "Toccare Cafe & Restaurant",
        "kategori": "Sosyal&Kültürel",
        "alt_kategori": "Kafe & Restaurant",
        "mesafe_m": 750.6,
        "mesafe_km": 0.75,
        "sure_sn": 540.4,
        "sure_dk": 9
      },
      "geometry": {
        "type": "Point",
        "coordinates": [
          29.050333332000037,
          41.009135135000065
        ]
      }
    },
    {
      "type": "Feature",
      "properties": {
        "ada_parsel": "1101-8",
        "poi_id": "121",
        "poi_adi": "Kahve Dünyası",
        "kategori": "Sosyal&Kültürel",
        "alt_kategori": "Kafe & Restaurant",
        "mesafe_m": 886.8,
        "mesafe_km": 0.89,
        "sure_sn": 638.5,
        "sure_dk": 10.6
      },
      "geometry": {
        "type": "Point",
        "coordinates": [
          29.055569972000058,
          41.00183610500005
        ]
      }
    },
    {
      "type": "Feature",
      "properties": {
        "ada_parsel": "1101-8",
        "poi_id": "122",
        "poi_adi": "7D Unlu Mamüller ",
        "kategori": "Sosyal&Kültürel",
        "alt_kategori": "Kafe & Restaurant",
        "mesafe_m": 586.6,
        "mesafe_km": 0.59,
        "sure_sn": 422.4,
        "sure_dk": 7
      },
      "geometry": {
        "type": "Point",
        "coordinates": [
          29.049985178000043,
          41.007810567000035
        ]
      }
    },
    {
      "type": "Feature",
      "properties": {
        "ada_parsel": "1101-8",
        "poi_id": "123",
        "poi_adi": "Lacocina Restaurant",
        "kategori": "Sosyal&Kültürel",
        "alt_kategori": "Kafe & Restaurant",
        "mesafe_m": 1243.3,
        "mesafe_km": 1.24,
        "sure_sn": 895.2,
        "sure_dk": 14.9
      },
      "geometry": {
        "type": "Point",
        "coordinates": [
          29.05379049800007,
          41.003512632000024
        ]
      }
    },
    {
      "type": "Feature",
      "properties": {
        "ada_parsel": "1101-8",
        "poi_id": "124",
        "poi_adi": "Özbesi Ev Yemekleri",
        "kategori": "Sosyal&Kültürel",
        "alt_kategori": "Kafe & Restaurant",
        "mesafe_m": 315.3,
        "mesafe_km": 0.32,
        "sure_sn": 227.1,
        "sure_dk": 3.8
      },
      "geometry": {
        "type": "Point",
        "coordinates": [
          29.05140510600006,
          41.00650928600004
        ]
      }
    },
    {
      "type": "Feature",
      "properties": {
        "ada_parsel": "1101-8",
        "poi_id": "125",
        "poi_adi": "Muhlama Karadeniz Mutfağı",
        "kategori": "Sosyal&Kültürel",
        "alt_kategori": "Kafe & Restaurant",
        "mesafe_m": 800.7,
        "mesafe_km": 0.8,
        "sure_sn": 576.5,
        "sure_dk": 9.6
      },
      "geometry": {
        "type": "Point",
        "coordinates": [
          29.050696768000023,
          41.00942955700003
        ]
      }
    },
    {
      "type": "Feature",
      "properties": {
        "ada_parsel": "1101-8",
        "poi_id": "126",
        "poi_adi": "N37 Gıda ",
        "kategori": "Sosyal&Kültürel",
        "alt_kategori": "Kafe & Restaurant",
        "mesafe_m": 1026.5,
        "mesafe_km": 1.03,
        "sure_sn": 739.1,
        "sure_dk": 12.3
      },
      "geometry": {
        "type": "Point",
        "coordinates": [
          29.05297993100004,
          41.011430017000066
        ]
      }
    },
    {
      "type": "Feature",
      "properties": {
        "ada_parsel": "1101-8",
        "poi_id": "127",
        "poi_adi": "Mıhlama Karadeniz Mutfağı",
        "kategori": "Sosyal&Kültürel",
        "alt_kategori": "Kafe & Restaurant",
        "mesafe_m": 744.9,
        "mesafe_km": 0.74,
        "sure_sn": 536.4,
        "sure_dk": 8.9
      },
      "geometry": {
        "type": "Point",
        "coordinates": [
          29.05086588100005,
          41.009074603000045
        ]
      }
    },
    {
      "type": "Feature",
      "properties": {
        "ada_parsel": "1101-8",
        "poi_id": "128",
        "poi_adi": "Karaman Restaurant",
        "kategori": "Sosyal&Kültürel",
        "alt_kategori": "Kafe & Restaurant",
        "mesafe_m": 1060.1,
        "mesafe_km": 1.06,
        "sure_sn": 763.2,
        "sure_dk": 12.7
      },
      "geometry": {
        "type": "Point",
        "coordinates": [
          29.041325518000065,
          41.010377954000035
        ]
      }
    },
    {
      "type": "Feature",
      "properties": {
        "ada_parsel": "1101-8",
        "poi_id": "129",
        "poi_adi": "Caribou Coffee",
        "kategori": "Sosyal&Kültürel",
        "alt_kategori": "Kafe & Restaurant",
        "mesafe_m": 867.3,
        "mesafe_km": 0.87,
        "sure_sn": 624.5,
        "sure_dk": 10.4
      },
      "geometry": {
        "type": "Point",
        "coordinates": [
          29.055460887000038,
          41.00167663800005
        ]
      }
    },
    {
      "type": "Feature",
      "properties": {
        "ada_parsel": "1101-8",
        "poi_id": "130",
        "poi_adi": "Atawich Gıda ",
        "kategori": "Sosyal&Kültürel",
        "alt_kategori": "Kafe & Restaurant",
        "mesafe_m": 738.4,
        "mesafe_km": 0.74,
        "sure_sn": 531.6,
        "sure_dk": 8.9
      },
      "geometry": {
        "type": "Point",
        "coordinates": [
          29.054804782000076,
          41.00162743000004
        ]
      }
    },
    {
      "type": "Feature",
      "properties": {
        "ada_parsel": "1101-8",
        "poi_id": "131",
        "poi_adi": "Dayı Kürek Lahmacun Salonu",
        "kategori": "Sosyal&Kültürel",
        "alt_kategori": "Kafe & Restaurant",
        "mesafe_m": 1295.5,
        "mesafe_km": 1.3,
        "sure_sn": 932.7,
        "sure_dk": 15.5
      },
      "geometry": {
        "type": "Point",
        "coordinates": [
          29.054133224000054,
          41.01319939200005
        ]
      }
    },
    {
      "type": "Feature",
      "properties": {
        "ada_parsel": "1101-8",
        "poi_id": "132",
        "poi_adi": "Yemek Bahçesi Ev Yemekleri",
        "kategori": "Sosyal&Kültürel",
        "alt_kategori": "Kafe & Restaurant",
        "mesafe_m": 975.8,
        "mesafe_km": 0.98,
        "sure_sn": 702.5,
        "sure_dk": 11.7
      },
      "geometry": {
        "type": "Point",
        "coordinates": [
          29.051775793000047,
          41.01113142500003
        ]
      }
    },
    {
      "type": "Feature",
      "properties": {
        "ada_parsel": "1101-8",
        "poi_id": "133",
        "poi_adi": "Eren Cafe",
        "kategori": "Sosyal&Kültürel",
        "alt_kategori": "Kafe & Restaurant",
        "mesafe_m": 140.7,
        "mesafe_km": 0.14,
        "sure_sn": 101.3,
        "sure_dk": 1.7
      },
      "geometry": {
        "type": "Point",
        "coordinates": [
          29.04940234600008,
          41.00340840200005
        ]
      }
    },
    {
      "type": "Feature",
      "properties": {
        "ada_parsel": "1101-8",
        "poi_id": "134",
        "poi_adi": "Caribou Coffee",
        "kategori": "Sosyal&Kültürel",
        "alt_kategori": "Kafe & Restaurant",
        "mesafe_m": 934.5,
        "mesafe_km": 0.93,
        "sure_sn": 672.9,
        "sure_dk": 11.2
      },
      "geometry": {
        "type": "Point",
        "coordinates": [
          29.055461010000045,
          41.00227920900005
        ]
      }
    },
    {
      "type": "Feature",
      "properties": {
        "ada_parsel": "1101-8",
        "poi_id": "135",
        "poi_adi": "Inkase Acıbadem",
        "kategori": "Sosyal&Kültürel",
        "alt_kategori": "Kafe & Restaurant",
        "mesafe_m": 1213.7,
        "mesafe_km": 1.21,
        "sure_sn": 873.8,
        "sure_dk": 14.6
      },
      "geometry": {
        "type": "Point",
        "coordinates": [
          29.053455522000036,
          41.00340885000003
        ]
      }
    },
    {
      "type": "Feature",
      "properties": {
        "ada_parsel": "1101-8",
        "poi_id": "136",
        "poi_adi": "Hane Çikolata Cafe",
        "kategori": "Sosyal&Kültürel",
        "alt_kategori": "Kafe & Restaurant",
        "mesafe_m": 427.3,
        "mesafe_km": 0.43,
        "sure_sn": 307.6,
        "sure_dk": 5.1
      },
      "geometry": {
        "type": "Point",
        "coordinates": [
          29.047086355000033,
          41.006744522000076
        ]
      }
    },
    {
      "type": "Feature",
      "properties": {
        "ada_parsel": "1101-8",
        "poi_id": "137",
        "poi_adi": "Teppanda Noodle",
        "kategori": "Sosyal&Kültürel",
        "alt_kategori": "Kafe & Restaurant",
        "mesafe_m": 1088,
        "mesafe_km": 1.09,
        "sure_sn": 783.3,
        "sure_dk": 13.1
      },
      "geometry": {
        "type": "Point",
        "coordinates": [
          29.05261302200006,
          41.011691076000034
        ]
      }
    },
    {
      "type": "Feature",
      "properties": {
        "ada_parsel": "1101-8",
        "poi_id": "138",
        "poi_adi": "Köşe Cafe",
        "kategori": "Sosyal&Kültürel",
        "alt_kategori": "Kafe & Restaurant",
        "mesafe_m": 1160.4,
        "mesafe_km": 1.16,
        "sure_sn": 835.5,
        "sure_dk": 13.9
      },
      "geometry": {
        "type": "Point",
        "coordinates": [
          29.05416559400004,
          41.01275446600005
        ]
      }
    },
    {
      "type": "Feature",
      "properties": {
        "ada_parsel": "1101-8",
        "poi_id": "139",
        "poi_adi": "Elemental Gusto",
        "kategori": "Sosyal&Kültürel",
        "alt_kategori": "Kafe & Restaurant",
        "mesafe_m": 1694.1,
        "mesafe_km": 1.69,
        "sure_sn": 1219.7,
        "sure_dk": 20.3
      },
      "geometry": {
        "type": "Point",
        "coordinates": [
          29.057103091000045,
          41.004529096000056
        ]
      }
    },
    {
      "type": "Feature",
      "properties": {
        "ada_parsel": "1101-8",
        "poi_id": "140",
        "poi_adi": "Dükkan Burger",
        "kategori": "Sosyal&Kültürel",
        "alt_kategori": "Kafe & Restaurant",
        "mesafe_m": 1091.3,
        "mesafe_km": 1.09,
        "sure_sn": 785.7,
        "sure_dk": 13.1
      },
      "geometry": {
        "type": "Point",
        "coordinates": [
          29.052555735000055,
          41.011684614000046
        ]
      }
    },
    {
      "type": "Feature",
      "properties": {
        "ada_parsel": "1101-8",
        "poi_id": "141",
        "poi_adi": "Şampiyon Kokoreç",
        "kategori": "Sosyal&Kültürel",
        "alt_kategori": "Kafe & Restaurant",
        "mesafe_m": 1282.5,
        "mesafe_km": 1.28,
        "sure_sn": 923.4,
        "sure_dk": 15.4
      },
      "geometry": {
        "type": "Point",
        "coordinates": [
          29.054492552000056,
          41.013655708000044
        ]
      }
    },
    {
      "type": "Feature",
      "properties": {
        "ada_parsel": "1101-8",
        "poi_id": "142",
        "poi_adi": "Kahve Dünyası",
        "kategori": "Sosyal&Kültürel",
        "alt_kategori": "Kafe & Restaurant",
        "mesafe_m": 718.4,
        "mesafe_km": 0.72,
        "sure_sn": 517.2,
        "sure_dk": 8.6
      },
      "geometry": {
        "type": "Point",
        "coordinates": [
          29.05067737400003,
          41.00888198100006
        ]
      }
    },
    {
      "type": "Feature",
      "properties": {
        "ada_parsel": "1101-8",
        "poi_id": "143",
        "poi_adi": "Cafe Bistro 33",
        "kategori": "Sosyal&Kültürel",
        "alt_kategori": "Kafe & Restaurant",
        "mesafe_m": 764,
        "mesafe_km": 0.76,
        "sure_sn": 550,
        "sure_dk": 9.2
      },
      "geometry": {
        "type": "Point",
        "coordinates": [
          29.05439917800004,
          41.00182790700006
        ]
      }
    },
    {
      "type": "Feature",
      "properties": {
        "ada_parsel": "1101-8",
        "poi_id": "144",
        "poi_adi": "The Burger House",
        "kategori": "Sosyal&Kültürel",
        "alt_kategori": "Kafe & Restaurant",
        "mesafe_m": 862.6,
        "mesafe_km": 0.86,
        "sure_sn": 621.1,
        "sure_dk": 10.4
      },
      "geometry": {
        "type": "Point",
        "coordinates": [
          29.051724499000045,
          41.01002409800003
        ]
      }
    },
    {
      "type": "Feature",
      "properties": {
        "ada_parsel": "1101-8",
        "poi_id": "145",
        "poi_adi": "Baydöner Restoranlari ",
        "kategori": "Sosyal&Kültürel",
        "alt_kategori": "Kafe & Restaurant",
        "mesafe_m": 738.4,
        "mesafe_km": 0.74,
        "sure_sn": 531.6,
        "sure_dk": 8.9
      },
      "geometry": {
        "type": "Point",
        "coordinates": [
          29.054804782000076,
          41.00162743000004
        ]
      }
    },
    {
      "type": "Feature",
      "properties": {
        "ada_parsel": "1101-8",
        "poi_id": "146",
        "poi_adi": "Cinnabon",
        "kategori": "Sosyal&Kültürel",
        "alt_kategori": "Kafe & Restaurant",
        "mesafe_m": 702.2,
        "mesafe_km": 0.7,
        "sure_sn": 505.6,
        "sure_dk": 8.4
      },
      "geometry": {
        "type": "Point",
        "coordinates": [
          29.054389357000048,
          41.00250839800003
        ]
      }
    },
    {
      "type": "Feature",
      "properties": {
        "ada_parsel": "1101-8",
        "poi_id": "147",
        "poi_adi": "Acıbadem Mevlana",
        "kategori": "Sosyal&Kültürel",
        "alt_kategori": "Kafe & Restaurant",
        "mesafe_m": 1133.1,
        "mesafe_km": 1.13,
        "sure_sn": 815.8,
        "sure_dk": 13.6
      },
      "geometry": {
        "type": "Point",
        "coordinates": [
          29.05377929800005,
          41.01244002800007
        ]
      }
    },
    {
      "type": "Feature",
      "properties": {
        "ada_parsel": "1101-8",
        "poi_id": "148",
        "poi_adi": "Taşyapi İnşaat  Ve",
        "kategori": "Sosyal&Kültürel",
        "alt_kategori": "Kafe & Restaurant",
        "mesafe_m": 1604.9,
        "mesafe_km": 1.6,
        "sure_sn": 1155.5,
        "sure_dk": 19.3
      },
      "geometry": {
        "type": "Point",
        "coordinates": [
          29.057399330000067,
          41.00511958300007
        ]
      }
    },
    {
      "type": "Feature",
      "properties": {
        "ada_parsel": "1101-8",
        "poi_id": "149",
        "poi_adi": "Uykun Gıda ",
        "kategori": "Sosyal&Kültürel",
        "alt_kategori": "Kafe & Restaurant",
        "mesafe_m": 789.6,
        "mesafe_km": 0.79,
        "sure_sn": 568.5,
        "sure_dk": 9.5
      },
      "geometry": {
        "type": "Point",
        "coordinates": [
          29.05021207200008,
          41.00918944600005
        ]
      }
    },
    {
      "type": "Feature",
      "properties": {
        "ada_parsel": "1101-8",
        "poi_id": "150",
        "poi_adi": "Günaydın",
        "kategori": "Sosyal&Kültürel",
        "alt_kategori": "Kafe & Restaurant",
        "mesafe_m": 735,
        "mesafe_km": 0.73,
        "sure_sn": 529.2,
        "sure_dk": 8.8
      },
      "geometry": {
        "type": "Point",
        "coordinates": [
          29.05441632800006,
          41.00099888500006
        ]
      }
    },
    {
      "type": "Feature",
      "properties": {
        "ada_parsel": "1101-8",
        "poi_id": "151",
        "poi_adi": "Bereket Döner",
        "kategori": "Sosyal&Kültürel",
        "alt_kategori": "Kafe & Restaurant",
        "mesafe_m": 210.2,
        "mesafe_km": 0.21,
        "sure_sn": 151.3,
        "sure_dk": 2.5
      },
      "geometry": {
        "type": "Point",
        "coordinates": [
          29.049806225000054,
          41.002507378000075
        ]
      }
    },
    {
      "type": "Feature",
      "properties": {
        "ada_parsel": "1101-8",
        "poi_id": "152",
        "poi_adi": "Kfc",
        "kategori": "Sosyal&Kültürel",
        "alt_kategori": "Kafe & Restaurant",
        "mesafe_m": 827.5,
        "mesafe_km": 0.83,
        "sure_sn": 595.8,
        "sure_dk": 9.9
      },
      "geometry": {
        "type": "Point",
        "coordinates": [
          29.055441307000024,
          41.001310043000046
        ]
      }
    },
    {
      "type": "Feature",
      "properties": {
        "ada_parsel": "1101-8",
        "poi_id": "153",
        "poi_adi": "Görkem Et Acıbadem",
        "kategori": "Sosyal&Kültürel",
        "alt_kategori": "Kafe & Restaurant",
        "mesafe_m": 121.8,
        "mesafe_km": 0.12,
        "sure_sn": 87.7,
        "sure_dk": 1.5
      },
      "geometry": {
        "type": "Point",
        "coordinates": [
          29.049652406000064,
          41.003414097000075
        ]
      }
    },
    {
      "type": "Feature",
      "properties": {
        "ada_parsel": "1101-8",
        "poi_id": "154",
        "poi_adi": "Natura Hamur Ürünleri ve Ev Yemekleri",
        "kategori": "Sosyal&Kültürel",
        "alt_kategori": "Kafe & Restaurant",
        "mesafe_m": 1252.7,
        "mesafe_km": 1.25,
        "sure_sn": 901.9,
        "sure_dk": 15
      },
      "geometry": {
        "type": "Point",
        "coordinates": [
          29.05317535900008,
          41.013646606000066
        ]
      }
    },
    {
      "type": "Feature",
      "properties": {
        "ada_parsel": "1101-8",
        "poi_id": "155",
        "poi_adi": "Ayzek Kahvaltı Kafe",
        "kategori": "Sosyal&Kültürel",
        "alt_kategori": "Kafe & Restaurant",
        "mesafe_m": 1096.7,
        "mesafe_km": 1.1,
        "sure_sn": 789.6,
        "sure_dk": 13.2
      },
      "geometry": {
        "type": "Point",
        "coordinates": [
          29.052947757000027,
          41.01224358200005
        ]
      }
    },
    {
      "type": "Feature",
      "properties": {
        "ada_parsel": "1101-8",
        "poi_id": "156",
        "poi_adi": "Bodrum Mantı",
        "kategori": "Sosyal&Kültürel",
        "alt_kategori": "Kafe & Restaurant",
        "mesafe_m": 775.5,
        "mesafe_km": 0.78,
        "sure_sn": 558.4,
        "sure_dk": 9.3
      },
      "geometry": {
        "type": "Point",
        "coordinates": [
          29.055022880000024,
          41.00090991800005
        ]
      }
    },
    {
      "type": "Feature",
      "properties": {
        "ada_parsel": "1101-8",
        "poi_id": "157",
        "poi_adi": "Elbet Steak House",
        "kategori": "Sosyal&Kültürel",
        "alt_kategori": "Kafe & Restaurant",
        "mesafe_m": 705.5,
        "mesafe_km": 0.71,
        "sure_sn": 508,
        "sure_dk": 8.5
      },
      "geometry": {
        "type": "Point",
        "coordinates": [
          29.05430932300004,
          41.00240666000008
        ]
      }
    },
    {
      "type": "Feature",
      "properties": {
        "ada_parsel": "1101-8",
        "poi_id": "158",
        "poi_adi": "Cinnabon",
        "kategori": "Sosyal&Kültürel",
        "alt_kategori": "Kafe & Restaurant",
        "mesafe_m": 898.9,
        "mesafe_km": 0.9,
        "sure_sn": 647.2,
        "sure_dk": 10.8
      },
      "geometry": {
        "type": "Point",
        "coordinates": [
          29.05547230600007,
          41.00196778600008
        ]
      }
    },
    {
      "type": "Feature",
      "properties": {
        "ada_parsel": "1101-8",
        "poi_id": "159",
        "poi_adi": "Burger X",
        "kategori": "Sosyal&Kültürel",
        "alt_kategori": "Kafe & Restaurant",
        "mesafe_m": 1142.3,
        "mesafe_km": 1.14,
        "sure_sn": 822.4,
        "sure_dk": 13.7
      },
      "geometry": {
        "type": "Point",
        "coordinates": [
          29.054333029000077,
          41.01265239600008
        ]
      }
    },
    {
      "type": "Feature",
      "properties": {
        "ada_parsel": "1101-8",
        "poi_id": "160",
        "poi_adi": "Divan Turizm Işletmeleri ",
        "kategori": "Sosyal&Kültürel",
        "alt_kategori": "Kafe & Restaurant",
        "mesafe_m": 738.4,
        "mesafe_km": 0.74,
        "sure_sn": 531.6,
        "sure_dk": 8.9
      },
      "geometry": {
        "type": "Point",
        "coordinates": [
          29.054804782000076,
          41.00162743000004
        ]
      }
    },
    {
      "type": "Feature",
      "properties": {
        "ada_parsel": "1101-8",
        "poi_id": "161",
        "poi_adi": "Dream Restoran",
        "kategori": "Sosyal&Kültürel",
        "alt_kategori": "Kafe & Restaurant",
        "mesafe_m": 868.8,
        "mesafe_km": 0.87,
        "sure_sn": 625.5,
        "sure_dk": 10.4
      },
      "geometry": {
        "type": "Point",
        "coordinates": [
          29.052032626000027,
          41.010286353000026
        ]
      }
    },
    {
      "type": "Feature",
      "properties": {
        "ada_parsel": "1101-8",
        "poi_id": "162",
        "poi_adi": "Plant Coffee",
        "kategori": "Sosyal&Kültürel",
        "alt_kategori": "Kafe & Restaurant",
        "mesafe_m": 755.8,
        "mesafe_km": 0.76,
        "sure_sn": 544.2,
        "sure_dk": 9.1
      },
      "geometry": {
        "type": "Point",
        "coordinates": [
          29.050922436000064,
          41.00916425300005
        ]
      }
    },
    {
      "type": "Feature",
      "properties": {
        "ada_parsel": "1101-8",
        "poi_id": "163",
        "poi_adi": "Panista Kafe",
        "kategori": "Sosyal&Kültürel",
        "alt_kategori": "Kafe & Restaurant",
        "mesafe_m": 485.5,
        "mesafe_km": 0.49,
        "sure_sn": 349.5,
        "sure_dk": 5.8
      },
      "geometry": {
        "type": "Point",
        "coordinates": [
          29.047650974000078,
          41.006998347000035
        ]
      }
    },
    {
      "type": "Feature",
      "properties": {
        "ada_parsel": "1101-8",
        "poi_id": "164",
        "poi_adi": "Tab Gıda Sanayi ",
        "kategori": "Sosyal&Kültürel",
        "alt_kategori": "Kafe & Restaurant",
        "mesafe_m": 738.4,
        "mesafe_km": 0.74,
        "sure_sn": 531.6,
        "sure_dk": 8.9
      },
      "geometry": {
        "type": "Point",
        "coordinates": [
          29.054804782000076,
          41.00162743000004
        ]
      }
    },
    {
      "type": "Feature",
      "properties": {
        "ada_parsel": "1101-8",
        "poi_id": "165",
        "poi_adi": "Pidem",
        "kategori": "Sosyal&Kültürel",
        "alt_kategori": "Kafe & Restaurant",
        "mesafe_m": 738.4,
        "mesafe_km": 0.74,
        "sure_sn": 531.6,
        "sure_dk": 8.9
      },
      "geometry": {
        "type": "Point",
        "coordinates": [
          29.05456246700004,
          41.00110124300005
        ]
      }
    },
    {
      "type": "Feature",
      "properties": {
        "ada_parsel": "1101-8",
        "poi_id": "166",
        "poi_adi": "Tales Gıda Pazarlama Ve Diş ",
        "kategori": "Sosyal&Kültürel",
        "alt_kategori": "Kafe & Restaurant",
        "mesafe_m": 789.6,
        "mesafe_km": 0.79,
        "sure_sn": 568.5,
        "sure_dk": 9.5
      },
      "geometry": {
        "type": "Point",
        "coordinates": [
          29.05021207200008,
          41.00918944600005
        ]
      }
    },
    {
      "type": "Feature",
      "properties": {
        "ada_parsel": "1101-8",
        "poi_id": "167",
        "poi_adi": "Köfteci Ramiz",
        "kategori": "Sosyal&Kültürel",
        "alt_kategori": "Kafe & Restaurant",
        "mesafe_m": 862.2,
        "mesafe_km": 0.86,
        "sure_sn": 620.8,
        "sure_dk": 10.3
      },
      "geometry": {
        "type": "Point",
        "coordinates": [
          29.05127938800007,
          41.010121526000034
        ]
      }
    },
    {
      "type": "Feature",
      "properties": {
        "ada_parsel": "1101-8",
        "poi_id": "168",
        "poi_adi": "Emirgan Sütiş",
        "kategori": "Sosyal&Kültürel",
        "alt_kategori": "Kafe & Restaurant",
        "mesafe_m": 762.1,
        "mesafe_km": 0.76,
        "sure_sn": 548.7,
        "sure_dk": 9.1
      },
      "geometry": {
        "type": "Point",
        "coordinates": [
          29.054246226000032,
          41.001879048000035
        ]
      }
    },
    {
      "type": "Feature",
      "properties": {
        "ada_parsel": "1101-8",
        "poi_id": "169",
        "poi_adi": "Agalar Dondurma Cafe",
        "kategori": "Sosyal&Kültürel",
        "alt_kategori": "Kafe & Restaurant",
        "mesafe_m": 476.9,
        "mesafe_km": 0.48,
        "sure_sn": 343.4,
        "sure_dk": 5.7
      },
      "geometry": {
        "type": "Point",
        "coordinates": [
          29.047164079000027,
          41.00680863200006
        ]
      }
    },
    {
      "type": "Feature",
      "properties": {
        "ada_parsel": "1101-8",
        "poi_id": "170",
        "poi_adi": "Happy Moon'S",
        "kategori": "Sosyal&Kültürel",
        "alt_kategori": "Kafe & Restaurant",
        "mesafe_m": 896,
        "mesafe_km": 0.9,
        "sure_sn": 645.1,
        "sure_dk": 10.8
      },
      "geometry": {
        "type": "Point",
        "coordinates": [
          29.05531916600006,
          41.001971387000026
        ]
      }
    },
    {
      "type": "Feature",
      "properties": {
        "ada_parsel": "1101-8",
        "poi_id": "171",
        "poi_adi": "Midpoint",
        "kategori": "Sosyal&Kültürel",
        "alt_kategori": "Kafe & Restaurant",
        "mesafe_m": 893.4,
        "mesafe_km": 0.89,
        "sure_sn": 643.2,
        "sure_dk": 10.7
      },
      "geometry": {
        "type": "Point",
        "coordinates": [
          29.05516092700003,
          41.00197871100005
        ]
      }
    },
    {
      "type": "Feature",
      "properties": {
        "ada_parsel": "1101-8",
        "poi_id": "172",
        "poi_adi": "Neviş Ev Yemekleri",
        "kategori": "Sosyal&Kültürel",
        "alt_kategori": "Kafe & Restaurant",
        "mesafe_m": 511.4,
        "mesafe_km": 0.51,
        "sure_sn": 368.2,
        "sure_dk": 6.1
      },
      "geometry": {
        "type": "Point",
        "coordinates": [
          29.046690260000048,
          41.007440882000026
        ]
      }
    },
    {
      "type": "Feature",
      "properties": {
        "ada_parsel": "1101-8",
        "poi_id": "173",
        "poi_adi": "Yaprak Pasta Unlu Mamulleri",
        "kategori": "Sosyal&Kültürel",
        "alt_kategori": "Kafe & Restaurant",
        "mesafe_m": 1078.4,
        "mesafe_km": 1.08,
        "sure_sn": 776.4,
        "sure_dk": 12.9
      },
      "geometry": {
        "type": "Point",
        "coordinates": [
          29.052890201000025,
          41.01208230900005
        ]
      }
    },
    {
      "type": "Feature",
      "properties": {
        "ada_parsel": "1101-8",
        "poi_id": "174",
        "poi_adi": "Havuz Cafe",
        "kategori": "Sosyal&Kültürel",
        "alt_kategori": "Kafe & Restaurant",
        "mesafe_m": 1296,
        "mesafe_km": 1.3,
        "sure_sn": 933.1,
        "sure_dk": 15.6
      },
      "geometry": {
        "type": "Point",
        "coordinates": [
          29.057628789000034,
          41.004226783000036
        ]
      }
    },
    {
      "type": "Feature",
      "properties": {
        "ada_parsel": "1101-8",
        "poi_id": "175",
        "poi_adi": "Mazaka Mantı",
        "kategori": "Sosyal&Kültürel",
        "alt_kategori": "Kafe & Restaurant",
        "mesafe_m": 993.3,
        "mesafe_km": 0.99,
        "sure_sn": 715.2,
        "sure_dk": 11.9
      },
      "geometry": {
        "type": "Point",
        "coordinates": [
          29.052204153000048,
          41.01135772500004
        ]
      }
    },
    {
      "type": "Feature",
      "properties": {
        "ada_parsel": "1101-8",
        "poi_id": "176",
        "poi_adi": "Green Salad'S",
        "kategori": "Sosyal&Kültürel",
        "alt_kategori": "Kafe & Restaurant",
        "mesafe_m": 900.6,
        "mesafe_km": 0.9,
        "sure_sn": 648.5,
        "sure_dk": 10.8
      },
      "geometry": {
        "type": "Point",
        "coordinates": [
          29.05558387700006,
          41.00196192100003
        ]
      }
    },
    {
      "type": "Feature",
      "properties": {
        "ada_parsel": "1101-8",
        "poi_id": "177",
        "poi_adi": "Gia Restaurant",
        "kategori": "Sosyal&Kültürel",
        "alt_kategori": "Kafe & Restaurant",
        "mesafe_m": 1056.7,
        "mesafe_km": 1.06,
        "sure_sn": 760.8,
        "sure_dk": 12.7
      },
      "geometry": {
        "type": "Point",
        "coordinates": [
          29.041798503000052,
          41.01038057200003
        ]
      }
    },
    {
      "type": "Feature",
      "properties": {
        "ada_parsel": "1101-8",
        "poi_id": "178",
        "poi_adi": "Doyuyo",
        "kategori": "Sosyal&Kültürel",
        "alt_kategori": "Kafe & Restaurant",
        "mesafe_m": 710.9,
        "mesafe_km": 0.71,
        "sure_sn": 511.8,
        "sure_dk": 8.5
      },
      "geometry": {
        "type": "Point",
        "coordinates": [
          29.05503563600007,
          41.00070792300005
        ]
      }
    },
    {
      "type": "Feature",
      "properties": {
        "ada_parsel": "1101-8",
        "poi_id": "179",
        "poi_adi": "Yakamoz Akçaabat Köfte",
        "kategori": "Sosyal&Kültürel",
        "alt_kategori": "Kafe & Restaurant",
        "mesafe_m": 566.9,
        "mesafe_km": 0.57,
        "sure_sn": 408.2,
        "sure_dk": 6.8
      },
      "geometry": {
        "type": "Point",
        "coordinates": [
          29.053237919000026,
          41.00832215200006
        ]
      }
    },
    {
      "type": "Feature",
      "properties": {
        "ada_parsel": "1101-8",
        "poi_id": "180",
        "poi_adi": "Bülent Börekçilik",
        "kategori": "Sosyal&Kültürel",
        "alt_kategori": "Kafe & Restaurant",
        "mesafe_m": 795.5,
        "mesafe_km": 0.8,
        "sure_sn": 572.7,
        "sure_dk": 9.5
      },
      "geometry": {
        "type": "Point",
        "coordinates": [
          29.050150255000062,
          41.00921658100003
        ]
      }
    },
    {
      "type": "Feature",
      "properties": {
        "ada_parsel": "1101-8",
        "poi_id": "181",
        "poi_adi": "Beltur Uzun Çayır Metrobüs Büfe",
        "kategori": "Sosyal&Kültürel",
        "alt_kategori": "Kafe & Restaurant",
        "mesafe_m": 913.2,
        "mesafe_km": 0.91,
        "sure_sn": 657.5,
        "sure_dk": 11
      },
      "geometry": {
        "type": "Point",
        "coordinates": [
          29.05646452600007,
          40.99917053300004
        ]
      }
    },
    {
      "type": "Feature",
      "properties": {
        "ada_parsel": "1101-8",
        "poi_id": "182",
        "poi_adi": "Bay Döner",
        "kategori": "Sosyal&Kültürel",
        "alt_kategori": "Kafe & Restaurant",
        "mesafe_m": 808.4,
        "mesafe_km": 0.81,
        "sure_sn": 582.1,
        "sure_dk": 9.7
      },
      "geometry": {
        "type": "Point",
        "coordinates": [
          29.054701071000068,
          41.00207787800008
        ]
      }
    },
    {
      "type": "Feature",
      "properties": {
        "ada_parsel": "1101-8",
        "poi_id": "183",
        "poi_adi": "Beritan Market",
        "kategori": "Sosyal&Kültürel",
        "alt_kategori": "Kafe & Restaurant",
        "mesafe_m": 1063,
        "mesafe_km": 1.06,
        "sure_sn": 765.3,
        "sure_dk": 12.8
      },
      "geometry": {
        "type": "Point",
        "coordinates": [
          29.053258846000062,
          41.011946446000024
        ]
      }
    },
    {
      "type": "Feature",
      "properties": {
        "ada_parsel": "1101-8",
        "poi_id": "184",
        "poi_adi": "Divan Brasserie",
        "kategori": "Sosyal&Kültürel",
        "alt_kategori": "Kafe & Restaurant",
        "mesafe_m": 762.9,
        "mesafe_km": 0.76,
        "sure_sn": 549.3,
        "sure_dk": 9.2
      },
      "geometry": {
        "type": "Point",
        "coordinates": [
          29.054709460000026,
          41.00176948400008
        ]
      }
    },
    {
      "type": "Feature",
      "properties": {
        "ada_parsel": "1101-8",
        "poi_id": "185",
        "poi_adi": "Domino'S Pizza",
        "kategori": "Sosyal&Kültürel",
        "alt_kategori": "Kafe & Restaurant",
        "mesafe_m": 1274.8,
        "mesafe_km": 1.27,
        "sure_sn": 917.8,
        "sure_dk": 15.3
      },
      "geometry": {
        "type": "Point",
        "coordinates": [
          29.05428547500003,
          41.013346381000076
        ]
      }
    },
    {
      "type": "Feature",
      "properties": {
        "ada_parsel": "1101-8",
        "poi_id": "186",
        "poi_adi": "Tuğbiş Mantı Evi",
        "kategori": "Sosyal&Kültürel",
        "alt_kategori": "Kafe & Restaurant",
        "mesafe_m": 416.2,
        "mesafe_km": 0.42,
        "sure_sn": 299.7,
        "sure_dk": 5
      },
      "geometry": {
        "type": "Point",
        "coordinates": [
          29.046836763000044,
          41.00669795600004
        ]
      }
    },
    {
      "type": "Feature",
      "properties": {
        "ada_parsel": "1101-8",
        "poi_id": "187",
        "poi_adi": "Balon Evi",
        "kategori": "Sosyal&Kültürel",
        "alt_kategori": "Kültür Merkezi",
        "mesafe_m": 738.4,
        "mesafe_km": 0.74,
        "sure_sn": 531.6,
        "sure_dk": 8.9
      },
      "geometry": {
        "type": "Point",
        "coordinates": [
          29.054715009000063,
          41.001102495000055
        ]
      }
    },
    {
      "type": "Feature",
      "properties": {
        "ada_parsel": "1101-8",
        "poi_id": "188",
        "poi_adi": "Overgame",
        "kategori": "Sosyal&Kültürel",
        "alt_kategori": "Kültür Merkezi",
        "mesafe_m": 947.4,
        "mesafe_km": 0.95,
        "sure_sn": 682.1,
        "sure_dk": 11.4
      },
      "geometry": {
        "type": "Point",
        "coordinates": [
          29.055579760000057,
          41.00237834300003
        ]
      }
    },
    {
      "type": "Feature",
      "properties": {
        "ada_parsel": "1101-8",
        "poi_id": "189",
        "poi_adi": "Lavi Sanat Merkezi",
        "kategori": "Sosyal&Kültürel",
        "alt_kategori": "Kültür Merkezi",
        "mesafe_m": 227.7,
        "mesafe_km": 0.23,
        "sure_sn": 163.9,
        "sure_dk": 2.7
      },
      "geometry": {
        "type": "Point",
        "coordinates": [
          29.048530079000045,
          41.00298708400004
        ]
      }
    },
    {
      "type": "Feature",
      "properties": {
        "ada_parsel": "1101-8",
        "poi_id": "190",
        "poi_adi": "Playland",
        "kategori": "Sosyal&Kültürel",
        "alt_kategori": "Kültür Merkezi",
        "mesafe_m": 776.8,
        "mesafe_km": 0.78,
        "sure_sn": 559.3,
        "sure_dk": 9.3
      },
      "geometry": {
        "type": "Point",
        "coordinates": [
          29.054105065000044,
          41.001772826000035
        ]
      }
    },
    {
      "type": "Feature",
      "properties": {
        "ada_parsel": "1101-8",
        "poi_id": "191",
        "poi_adi": "Faik Bey Şadiye Şakir 70. Yıl Kütüphanesi",
        "kategori": "Sosyal&Kültürel",
        "alt_kategori": "Kültür Merkezi",
        "mesafe_m": 903.3,
        "mesafe_km": 0.9,
        "sure_sn": 650.4,
        "sure_dk": 10.8
      },
      "geometry": {
        "type": "Point",
        "coordinates": [
          29.046136568000065,
          41.00993610800003
        ]
      }
    },
    {
      "type": "Feature",
      "properties": {
        "ada_parsel": "1101-8",
        "poi_id": "192",
        "poi_adi": "Welldone",
        "kategori": "Sosyal&Kültürel",
        "alt_kategori": "Kültür Merkezi",
        "mesafe_m": 710.9,
        "mesafe_km": 0.71,
        "sure_sn": 511.8,
        "sure_dk": 8.5
      },
      "geometry": {
        "type": "Point",
        "coordinates": [
          29.054840324000054,
          41.00063282200006
        ]
      }
    },
    {
      "type": "Feature",
      "properties": {
        "ada_parsel": "1101-8",
        "poi_id": "193",
        "poi_adi": "Retro Lunapark",
        "kategori": "Sosyal&Kültürel",
        "alt_kategori": "Kültür Merkezi",
        "mesafe_m": 723.4,
        "mesafe_km": 0.72,
        "sure_sn": 520.8,
        "sure_dk": 8.7
      },
      "geometry": {
        "type": "Point",
        "coordinates": [
          29.054467765000027,
          41.00262793500008
        ]
      }
    },
    {
      "type": "Feature",
      "properties": {
        "ada_parsel": "1101-8",
        "poi_id": "194",
        "poi_adi": "Welldone",
        "kategori": "Sosyal&Kültürel",
        "alt_kategori": "Kültür Merkezi",
        "mesafe_m": 858.6,
        "mesafe_km": 0.86,
        "sure_sn": 618.2,
        "sure_dk": 10.3
      },
      "geometry": {
        "type": "Point",
        "coordinates": [
          29.055547743000034,
          41.001578549000044
        ]
      }
    },
    {
      "type": "Feature",
      "properties": {
        "ada_parsel": "1101-8",
        "poi_id": "195",
        "poi_adi": "Cinemaximum",
        "kategori": "Sosyal&Kültürel",
        "alt_kategori": "Tiyatro & Sinema",
        "mesafe_m": 808.4,
        "mesafe_km": 0.81,
        "sure_sn": 582.1,
        "sure_dk": 9.7
      },
      "geometry": {
        "type": "Point",
        "coordinates": [
          29.05530567900007,
          41.00247303500004
        ]
      }
    },
    {
      "type": "Feature",
      "properties": {
        "ada_parsel": "1101-8",
        "poi_id": "196",
        "poi_adi": "Akasya Kültür Sanat",
        "kategori": "Sosyal&Kültürel",
        "alt_kategori": "Tiyatro & Sinema",
        "mesafe_m": 808.4,
        "mesafe_km": 0.81,
        "sure_sn": 582.1,
        "sure_dk": 9.7
      },
      "geometry": {
        "type": "Point",
        "coordinates": [
          29.054954529000042,
          41.00223541300005
        ]
      }
    },
    {
      "type": "Feature",
      "properties": {
        "ada_parsel": "1101-8",
        "poi_id": "197",
        "poi_adi": "THINK House Stage",
        "kategori": "Sosyal&Kültürel",
        "alt_kategori": "Tiyatro & Sinema",
        "mesafe_m": 1280.5,
        "mesafe_km": 1.28,
        "sure_sn": 921.9,
        "sure_dk": 15.4
      },
      "geometry": {
        "type": "Point",
        "coordinates": [
          29.054960251000068,
          41.01351165800003
        ]
      }
    },
    {
      "type": "Feature",
      "properties": {
        "ada_parsel": "1101-8",
        "poi_id": "198",
        "poi_adi": "Nadire Ahmet Uzun Aile Sağlığı Merkezi",
        "kategori": "Sağlık",
        "alt_kategori": "Aile Sağlık Merkezi",
        "mesafe_m": 923.3,
        "mesafe_km": 0.92,
        "sure_sn": 664.7,
        "sure_dk": 11.1
      },
      "geometry": {
        "type": "Point",
        "coordinates": [
          29.049140608000073,
          41.01005757400003
        ]
      }
    },
    {
      "type": "Feature",
      "properties": {
        "ada_parsel": "1101-8",
        "poi_id": "199",
        "poi_adi": "Özel Moodist Hastanesi",
        "kategori": "Sağlık",
        "alt_kategori": "Hastane",
        "mesafe_m": 709.6,
        "mesafe_km": 0.71,
        "sure_sn": 510.9,
        "sure_dk": 8.5
      },
      "geometry": {
        "type": "Point",
        "coordinates": [
          29.053246604000037,
          41.00217554900007
        ]
      }
    },
    {
      "type": "Feature",
      "properties": {
        "ada_parsel": "1101-8",
        "poi_id": "200",
        "poi_adi": "Okyanus Yaşlı Bakımevi",
        "kategori": "Sağlık",
        "alt_kategori": "Tıp Merkezi&Poliklinik",
        "mesafe_m": 1150.5,
        "mesafe_km": 1.15,
        "sure_sn": 828.4,
        "sure_dk": 13.8
      },
      "geometry": {
        "type": "Point",
        "coordinates": [
          29.053266122000025,
          41.01271792700004
        ]
      }
    },
    {
      "type": "Feature",
      "properties": {
        "ada_parsel": "1101-8",
        "poi_id": "201",
        "poi_adi": "Özel Cindy 1 Polikliniği",
        "kategori": "Sağlık",
        "alt_kategori": "Tıp Merkezi&Poliklinik",
        "mesafe_m": 1163,
        "mesafe_km": 1.16,
        "sure_sn": 837.3,
        "sure_dk": 14
      },
      "geometry": {
        "type": "Point",
        "coordinates": [
          29.05346902100007,
          41.012622531000034
        ]
      }
    },
    {
      "type": "Feature",
      "properties": {
        "ada_parsel": "1101-8",
        "poi_id": "202",
        "poi_adi": "Dedem Eczanesi",
        "kategori": "Sağlık",
        "alt_kategori": "Eczane",
        "mesafe_m": 852.3,
        "mesafe_km": 0.85,
        "sure_sn": 613.7,
        "sure_dk": 10.2
      },
      "geometry": {
        "type": "Point",
        "coordinates": [
          29.051180500000044,
          41.01001190000005
        ]
      }
    },
    {
      "type": "Feature",
      "properties": {
        "ada_parsel": "1101-8",
        "poi_id": "203",
        "poi_adi": "Ogün Eczanesi",
        "kategori": "Sağlık",
        "alt_kategori": "Eczane",
        "mesafe_m": 1270.9,
        "mesafe_km": 1.27,
        "sure_sn": 915.1,
        "sure_dk": 15.3
      },
      "geometry": {
        "type": "Point",
        "coordinates": [
          29.054944,
          41.013415
        ]
      }
    },
    {
      "type": "Feature",
      "properties": {
        "ada_parsel": "1101-8",
        "poi_id": "204",
        "poi_adi": "Önder Eczanesi",
        "kategori": "Sağlık",
        "alt_kategori": "Eczane",
        "mesafe_m": 490.4,
        "mesafe_km": 0.49,
        "sure_sn": 353.1,
        "sure_dk": 5.9
      },
      "geometry": {
        "type": "Point",
        "coordinates": [
          29.047693,
          41.007032
        ]
      }
    },
    {
      "type": "Feature",
      "properties": {
        "ada_parsel": "1101-8",
        "poi_id": "205",
        "poi_adi": "Sevilay Eczanesi",
        "kategori": "Sağlık",
        "alt_kategori": "Eczane",
        "mesafe_m": 779.1,
        "mesafe_km": 0.78,
        "sure_sn": 560.9,
        "sure_dk": 9.3
      },
      "geometry": {
        "type": "Point",
        "coordinates": [
          29.050359300000025,
          41.009177100000045
        ]
      }
    },
    {
      "type": "Feature",
      "properties": {
        "ada_parsel": "1101-8",
        "poi_id": "206",
        "poi_adi": "Acıbadem Çınar Eczanesi",
        "kategori": "Sağlık",
        "alt_kategori": "Eczane",
        "mesafe_m": 1108.4,
        "mesafe_km": 1.11,
        "sure_sn": 798,
        "sure_dk": 13.3
      },
      "geometry": {
        "type": "Point",
        "coordinates": [
          29.052479300000073,
          41.01153750000003
        ]
      }
    },
    {
      "type": "Feature",
      "properties": {
        "ada_parsel": "1101-8",
        "poi_id": "207",
        "poi_adi": "Acıbadem Demet Eczanesi",
        "kategori": "Sağlık",
        "alt_kategori": "Eczane",
        "mesafe_m": 1273.2,
        "mesafe_km": 1.27,
        "sure_sn": 916.7,
        "sure_dk": 15.3
      },
      "geometry": {
        "type": "Point",
        "coordinates": [
          29.054388500000073,
          41.01352220000007
        ]
      }
    },
    {
      "type": "Feature",
      "properties": {
        "ada_parsel": "1101-8",
        "poi_id": "208",
        "poi_adi": "Acıbadem Selma Eczanesi",
        "kategori": "Sağlık",
        "alt_kategori": "Eczane",
        "mesafe_m": 315.4,
        "mesafe_km": 0.32,
        "sure_sn": 227.1,
        "sure_dk": 3.8
      },
      "geometry": {
        "type": "Point",
        "coordinates": [
          29.05141750000007,
          41.00650370000005
        ]
      }
    },
    {
      "type": "Feature",
      "properties": {
        "ada_parsel": "1101-8",
        "poi_id": "209",
        "poi_adi": "Akasya Eczanesi",
        "kategori": "Sağlık",
        "alt_kategori": "Eczane",
        "mesafe_m": 768.9,
        "mesafe_km": 0.77,
        "sure_sn": 553.6,
        "sure_dk": 9.2
      },
      "geometry": {
        "type": "Point",
        "coordinates": [
          29.055214500000034,
          41.000809600000025
        ]
      }
    },
    {
      "type": "Feature",
      "properties": {
        "ada_parsel": "1101-8",
        "poi_id": "210",
        "poi_adi": "Ayşenur Eczanesi",
        "kategori": "Sağlık",
        "alt_kategori": "Eczane",
        "mesafe_m": 1238.2,
        "mesafe_km": 1.24,
        "sure_sn": 891.5,
        "sure_dk": 14.9
      },
      "geometry": {
        "type": "Point",
        "coordinates": [
          29.05463990000004,
          41.013216800000066
        ]
      }
    },
    {
      "type": "Feature",
      "properties": {
        "ada_parsel": "1101-8",
        "poi_id": "211",
        "poi_adi": "Nursena Eczanesi",
        "kategori": "Sağlık",
        "alt_kategori": "Eczane",
        "mesafe_m": 805.7,
        "mesafe_km": 0.81,
        "sure_sn": 580.1,
        "sure_dk": 9.7
      },
      "geometry": {
        "type": "Point",
        "coordinates": [
          29.050101600000062,
          41.00931740000004
        ]
      }
    },
    {
      "type": "Feature",
      "properties": {
        "ada_parsel": "1101-8",
        "poi_id": "212",
        "poi_adi": "Oya Eczanesi",
        "kategori": "Sağlık",
        "alt_kategori": "Eczane",
        "mesafe_m": 955.5,
        "mesafe_km": 0.96,
        "sure_sn": 687.9,
        "sure_dk": 11.5
      },
      "geometry": {
        "type": "Point",
        "coordinates": [
          29.05175420000006,
          41.01082820000005
        ]
      }
    },
    {
      "type": "Feature",
      "properties": {
        "ada_parsel": "1101-8",
        "poi_id": "213",
        "poi_adi": "Hasan Tan İlkokulu",
        "kategori": "Eğitim",
        "alt_kategori": "İlkokul",
        "mesafe_m": 617.4,
        "mesafe_km": 0.62,
        "sure_sn": 444.6,
        "sure_dk": 7.4
      },
      "geometry": {
        "type": "Point",
        "coordinates": [
          29.052894782000067,
          41.00877246400006
        ]
      }
    },
    {
      "type": "Feature",
      "properties": {
        "ada_parsel": "1101-8",
        "poi_id": "214",
        "poi_adi": "Mihriban Suat Bedük İlkokulu",
        "kategori": "Eğitim",
        "alt_kategori": "İlkokul",
        "mesafe_m": 113.4,
        "mesafe_km": 0.11,
        "sure_sn": 81.6,
        "sure_dk": 1.4
      },
      "geometry": {
        "type": "Point",
        "coordinates": [
          29.049965273000055,
          41.00312154200003
        ]
      }
    },
    {
      "type": "Feature",
      "properties": {
        "ada_parsel": "1101-8",
        "poi_id": "215",
        "poi_adi": "ÖZEL ACIBADEM İLKOKULU",
        "kategori": "Eğitim",
        "alt_kategori": "İlkokul",
        "mesafe_m": 227.3,
        "mesafe_km": 0.23,
        "sure_sn": 163.7,
        "sure_dk": 2.7
      },
      "geometry": {
        "type": "Point",
        "coordinates": [
          29.05171696900004,
          41.00372770300004
        ]
      }
    },
    {
      "type": "Feature",
      "properties": {
        "ada_parsel": "1101-8",
        "poi_id": "216",
        "poi_adi": "ÖZEL ACIBADEM Ortaokulu",
        "kategori": "Eğitim",
        "alt_kategori": "Ortaokul",
        "mesafe_m": 1020.6,
        "mesafe_km": 1.02,
        "sure_sn": 734.8,
        "sure_dk": 12.2
      },
      "geometry": {
        "type": "Point",
        "coordinates": [
          29.05210254800005,
          41.00340619700006
        ]
      }
    },
    {
      "type": "Feature",
      "properties": {
        "ada_parsel": "1101-8",
        "poi_id": "217",
        "poi_adi": "Özel Bilfen Koşuyolu İlkokulu",
        "kategori": "Eğitim",
        "alt_kategori": "İlkokul",
        "mesafe_m": 955.3,
        "mesafe_km": 0.96,
        "sure_sn": 687.8,
        "sure_dk": 11.5
      },
      "geometry": {
        "type": "Point",
        "coordinates": [
          29.04509899100003,
          41.00994635600006
        ]
      }
    },
    {
      "type": "Feature",
      "properties": {
        "ada_parsel": "1101-8",
        "poi_id": "218",
        "poi_adi": "Özel Bilfen Koşuyolu Ortaokulu",
        "kategori": "Eğitim",
        "alt_kategori": "Ortaokul",
        "mesafe_m": 981.1,
        "mesafe_km": 0.98,
        "sure_sn": 706.4,
        "sure_dk": 11.8
      },
      "geometry": {
        "type": "Point",
        "coordinates": [
          29.045395186000064,
          41.010084678000055
        ]
      }
    },
    {
      "type": "Feature",
      "properties": {
        "ada_parsel": "1101-8",
        "poi_id": "219",
        "poi_adi": "Acıbadem Türk Telekom Ortaokulu",
        "kategori": "Eğitim",
        "alt_kategori": "Ortaokul",
        "mesafe_m": 609.9,
        "mesafe_km": 0.61,
        "sure_sn": 439.1,
        "sure_dk": 7.3
      },
      "geometry": {
        "type": "Point",
        "coordinates": [
          29.051495424000052,
          41.00816240200004
        ]
      }
    },
    {
      "type": "Feature",
      "properties": {
        "ada_parsel": "1101-8",
        "poi_id": "220",
        "poi_adi": "Birey Eğitim Kurumları",
        "kategori": "Eğitim",
        "alt_kategori": "Lise",
        "mesafe_m": 646.3,
        "mesafe_km": 0.65,
        "sure_sn": 465.3,
        "sure_dk": 7.8
      },
      "geometry": {
        "type": "Point",
        "coordinates": [
          29.048391636000076,
          41.00820701500004
        ]
      }
    },
    {
      "type": "Feature",
      "properties": {
        "ada_parsel": "1101-8",
        "poi_id": "221",
        "poi_adi": "Validebağ Koleji",
        "kategori": "Eğitim",
        "alt_kategori": "Ortaokul",
        "mesafe_m": 1345.3,
        "mesafe_km": 1.35,
        "sure_sn": 968.6,
        "sure_dk": 16.1
      },
      "geometry": {
        "type": "Point",
        "coordinates": [
          29.05104557100003,
          41.013113270000076
        ]
      }
    },
    {
      "type": "Feature",
      "properties": {
        "ada_parsel": "1101-8",
        "poi_id": "222",
        "poi_adi": "ÖZEL MERAK EDEN ÇOCUK KOŞUYOLU Ortaokulu",
        "kategori": "Eğitim",
        "alt_kategori": "Ortaokul",
        "mesafe_m": 970.6,
        "mesafe_km": 0.97,
        "sure_sn": 698.9,
        "sure_dk": 11.6
      },
      "geometry": {
        "type": "Point",
        "coordinates": [
          29.04622056200003,
          41.01033088100007
        ]
      }
    },
    {
      "type": "Feature",
      "properties": {
        "ada_parsel": "1101-8",
        "poi_id": "223",
        "poi_adi": "ÖZEL MERAK EDEN ÇOCUK KOŞUYOLU İlkokulu",
        "kategori": "Eğitim",
        "alt_kategori": "İlkokul",
        "mesafe_m": 969.9,
        "mesafe_km": 0.97,
        "sure_sn": 698.3,
        "sure_dk": 11.6
      },
      "geometry": {
        "type": "Point",
        "coordinates": [
          29.046034116000044,
          41.01052423100003
        ]
      }
    },
    {
      "type": "Feature",
      "properties": {
        "ada_parsel": "1101-8",
        "poi_id": "224",
        "poi_adi": "Özel Acıbadem Sınav Anadolu Lisesi",
        "kategori": "Eğitim",
        "alt_kategori": "Lise",
        "mesafe_m": 448.2,
        "mesafe_km": 0.45,
        "sure_sn": 322.7,
        "sure_dk": 5.4
      },
      "geometry": {
        "type": "Point",
        "coordinates": [
          29.048216756000045,
          41.00191262200008
        ]
      }
    },
    {
      "type": "Feature",
      "properties": {
        "ada_parsel": "1101-8",
        "poi_id": "225",
        "poi_adi": "ÜSKÜDAR ANAOKULU",
        "kategori": "Eğitim",
        "alt_kategori": "Kreş & Anaokulu",
        "mesafe_m": 1188.6,
        "mesafe_km": 1.19,
        "sure_sn": 855.8,
        "sure_dk": 14.3
      },
      "geometry": {
        "type": "Point",
        "coordinates": [
          29.056725132000054,
          41.01257438300007
        ]
      }
    },
    {
      "type": "Feature",
      "properties": {
        "ada_parsel": "1101-8",
        "poi_id": "226",
        "poi_adi": "HASAN TAN İLKOKULU Anasınıfı",
        "kategori": "Eğitim",
        "alt_kategori": "Kreş & Anaokulu",
        "mesafe_m": 618,
        "mesafe_km": 0.62,
        "sure_sn": 445,
        "sure_dk": 7.4
      },
      "geometry": {
        "type": "Point",
        "coordinates": [
          29.05292968200007,
          41.00878018600008
        ]
      }
    },
    {
      "type": "Feature",
      "properties": {
        "ada_parsel": "1101-8",
        "poi_id": "227",
        "poi_adi": "MİHRİBAN SUAT BEDUK İLKOKULU Anasınıfı",
        "kategori": "Eğitim",
        "alt_kategori": "Kreş & Anaokulu",
        "mesafe_m": 111.1,
        "mesafe_km": 0.11,
        "sure_sn": 80,
        "sure_dk": 1.3
      },
      "geometry": {
        "type": "Point",
        "coordinates": [
          29.049969503000057,
          41.003160784000045
        ]
      }
    },
    {
      "type": "Feature",
      "properties": {
        "ada_parsel": "1101-8",
        "poi_id": "228",
        "poi_adi": "ÖZEL ACIBADEM İLKOKULU Anasınıfı",
        "kategori": "Eğitim",
        "alt_kategori": "Kreş & Anaokulu",
        "mesafe_m": 195,
        "mesafe_km": 0.19,
        "sure_sn": 140.4,
        "sure_dk": 2.3
      },
      "geometry": {
        "type": "Point",
        "coordinates": [
          29.051640966000036,
          41.003419042000075
        ]
      }
    },
    {
      "type": "Feature",
      "properties": {
        "ada_parsel": "1101-8",
        "poi_id": "229",
        "poi_adi": "ÖZEL MERAK EDEN ÇOCUK KOŞUYOLU İLKOKULU Anasınıfı",
        "kategori": "Eğitim",
        "alt_kategori": "Kreş & Anaokulu",
        "mesafe_m": 962.8,
        "mesafe_km": 0.96,
        "sure_sn": 693.2,
        "sure_dk": 11.6
      },
      "geometry": {
        "type": "Point",
        "coordinates": [
          29.04609836000003,
          41.01056553400008
        ]
      }
    },
    {
      "type": "Feature",
      "properties": {
        "ada_parsel": "1101-8",
        "poi_id": "230",
        "poi_adi": "ÖZEL GELECEĞE ADIM ANAOKULU",
        "kategori": "Eğitim",
        "alt_kategori": "Kreş & Anaokulu",
        "mesafe_m": 865.4,
        "mesafe_km": 0.87,
        "sure_sn": 623,
        "sure_dk": 10.4
      },
      "geometry": {
        "type": "Point",
        "coordinates": [
          29.04689230400004,
          41.01056387800003
        ]
      }
    },
    {
      "type": "Feature",
      "properties": {
        "ada_parsel": "1103-8",
        "poi_id": "1",
        "poi_adi": "Şehit Fethi Camii",
        "kategori": "Yaşam",
        "alt_kategori": "Dini Tesis",
        "mesafe_m": 212.7,
        "mesafe_km": 0.21,
        "sure_sn": 153.2,
        "sure_dk": 2.6
      },
      "geometry": {
        "type": "Point",
        "coordinates": [
          29.04882718400006,
          41.002869221000026
        ]
      }
    },
    {
      "type": "Feature",
      "properties": {
        "ada_parsel": "1103-8",
        "poi_id": "2",
        "poi_adi": "Validebağ Koru Camii",
        "kategori": "Yaşam",
        "alt_kategori": "Dini Tesis",
        "mesafe_m": 1362.1,
        "mesafe_km": 1.36,
        "sure_sn": 980.7,
        "sure_dk": 16.3
      },
      "geometry": {
        "type": "Point",
        "coordinates": [
          29.04992757200006,
          41.013345893000064
        ]
      }
    },
    {
      "type": "Feature",
      "properties": {
        "ada_parsel": "1103-8",
        "poi_id": "3",
        "poi_adi": "Faikbey Camii",
        "kategori": "Yaşam",
        "alt_kategori": "Dini Tesis",
        "mesafe_m": 880.3,
        "mesafe_km": 0.88,
        "sure_sn": 633.8,
        "sure_dk": 10.6
      },
      "geometry": {
        "type": "Point",
        "coordinates": [
          29.046383381000055,
          41.00999137400004
        ]
      }
    },
    {
      "type": "Feature",
      "properties": {
        "ada_parsel": "1103-8",
        "poi_id": "4",
        "poi_adi": "Acıbadem Merkez Çavuşoğlu Camii",
        "kategori": "Yaşam",
        "alt_kategori": "Dini Tesis",
        "mesafe_m": 374.7,
        "mesafe_km": 0.37,
        "sure_sn": 269.8,
        "sure_dk": 4.5
      },
      "geometry": {
        "type": "Point",
        "coordinates": [
          29.051761691000024,
          41.006987227000025
        ]
      }
    },
    {
      "type": "Feature",
      "properties": {
        "ada_parsel": "1103-8",
        "poi_id": "5",
        "poi_adi": "Birlik Gıda",
        "kategori": "Yaşam",
        "alt_kategori": "AVM & Market",
        "mesafe_m": 252.7,
        "mesafe_km": 0.25,
        "sure_sn": 181.9,
        "sure_dk": 3
      },
      "geometry": {
        "type": "Point",
        "coordinates": [
          29.048403990000054,
          41.00270384000004
        ]
      }
    },
    {
      "type": "Feature",
      "properties": {
        "ada_parsel": "1103-8",
        "poi_id": "6",
        "poi_adi": "A101",
        "kategori": "Yaşam",
        "alt_kategori": "AVM & Market",
        "mesafe_m": 979.6,
        "mesafe_km": 0.98,
        "sure_sn": 705.3,
        "sure_dk": 11.8
      },
      "geometry": {
        "type": "Point",
        "coordinates": [
          29.05258810400005,
          41.011138309000046
        ]
      }
    },
    {
      "type": "Feature",
      "properties": {
        "ada_parsel": "1103-8",
        "poi_id": "7",
        "poi_adi": "Gurmeköy Şarküteri",
        "kategori": "Yaşam",
        "alt_kategori": "AVM & Market",
        "mesafe_m": 1147.8,
        "mesafe_km": 1.15,
        "sure_sn": 826.4,
        "sure_dk": 13.8
      },
      "geometry": {
        "type": "Point",
        "coordinates": [
          29.053910159000054,
          41.01254909100004
        ]
      }
    },
    {
      "type": "Feature",
      "properties": {
        "ada_parsel": "1103-8",
        "poi_id": "8",
        "poi_adi": "Acıbadem Kasabı",
        "kategori": "Yaşam",
        "alt_kategori": "AVM & Market",
        "mesafe_m": 253.3,
        "mesafe_km": 0.25,
        "sure_sn": 182.4,
        "sure_dk": 3
      },
      "geometry": {
        "type": "Point",
        "coordinates": [
          29.04795314000006,
          41.00538230400008
        ]
      }
    },
    {
      "type": "Feature",
      "properties": {
        "ada_parsel": "1103-8",
        "poi_id": "9",
        "poi_adi": "Ezine Çiftliği",
        "kategori": "Yaşam",
        "alt_kategori": "AVM & Market",
        "mesafe_m": 359.1,
        "mesafe_km": 0.36,
        "sure_sn": 258.5,
        "sure_dk": 4.3
      },
      "geometry": {
        "type": "Point",
        "coordinates": [
          29.051214362000053,
          41.00673619300005
        ]
      }
    },
    {
      "type": "Feature",
      "properties": {
        "ada_parsel": "1103-8",
        "poi_id": "10",
        "poi_adi": "A101",
        "kategori": "Yaşam",
        "alt_kategori": "AVM & Market",
        "mesafe_m": 1175.2,
        "mesafe_km": 1.18,
        "sure_sn": 846.1,
        "sure_dk": 14.1
      },
      "geometry": {
        "type": "Point",
        "coordinates": [
          29.054155238000078,
          41.01279021100004
        ]
      }
    },
    {
      "type": "Feature",
      "properties": {
        "ada_parsel": "1103-8",
        "poi_id": "11",
        "poi_adi": "Migros",
        "kategori": "Yaşam",
        "alt_kategori": "AVM & Market",
        "mesafe_m": 1172.4,
        "mesafe_km": 1.17,
        "sure_sn": 844.1,
        "sure_dk": 14.1
      },
      "geometry": {
        "type": "Point",
        "coordinates": [
          29.041437131000066,
          41.011340877000066
        ]
      }
    },
    {
      "type": "Feature",
      "properties": {
        "ada_parsel": "1103-8",
        "poi_id": "12",
        "poi_adi": "Yöreden Süt",
        "kategori": "Yaşam",
        "alt_kategori": "AVM & Market",
        "mesafe_m": 1038.1,
        "mesafe_km": 1.04,
        "sure_sn": 747.4,
        "sure_dk": 12.5
      },
      "geometry": {
        "type": "Point",
        "coordinates": [
          29.053065681000078,
          41.01152940600008
        ]
      }
    },
    {
      "type": "Feature",
      "properties": {
        "ada_parsel": "1103-8",
        "poi_id": "13",
        "poi_adi": "Carrefoursa - Süper Acıbadem Şubesi",
        "kategori": "Yaşam",
        "alt_kategori": "AVM & Market",
        "mesafe_m": 891.4,
        "mesafe_km": 0.89,
        "sure_sn": 641.8,
        "sure_dk": 10.7
      },
      "geometry": {
        "type": "Point",
        "coordinates": [
          29.050805875000037,
          41.00960061600006
        ]
      }
    },
    {
      "type": "Feature",
      "properties": {
        "ada_parsel": "1103-8",
        "poi_id": "14",
        "poi_adi": "Öz Besa Manav",
        "kategori": "Yaşam",
        "alt_kategori": "AVM & Market",
        "mesafe_m": 303.6,
        "mesafe_km": 0.3,
        "sure_sn": 218.6,
        "sure_dk": 3.6
      },
      "geometry": {
        "type": "Point",
        "coordinates": [
          29.05140711400003,
          41.006401063000055
        ]
      }
    },
    {
      "type": "Feature",
      "properties": {
        "ada_parsel": "1103-8",
        "poi_id": "15",
        "poi_adi": "Efes Pilsen - Gürbüz Kuruyemiş Tekel",
        "kategori": "Yaşam",
        "alt_kategori": "AVM & Market",
        "mesafe_m": 1067.2,
        "mesafe_km": 1.07,
        "sure_sn": 768.4,
        "sure_dk": 12.8
      },
      "geometry": {
        "type": "Point",
        "coordinates": [
          29.052848496000024,
          41.012020877000054
        ]
      }
    },
    {
      "type": "Feature",
      "properties": {
        "ada_parsel": "1103-8",
        "poi_id": "16",
        "poi_adi": "Kosuyolu M Migros",
        "kategori": "Yaşam",
        "alt_kategori": "AVM & Market",
        "mesafe_m": 1066.2,
        "mesafe_km": 1.07,
        "sure_sn": 767.7,
        "sure_dk": 12.8
      },
      "geometry": {
        "type": "Point",
        "coordinates": [
          29.041495188000056,
          41.01039772000007
        ]
      }
    },
    {
      "type": "Feature",
      "properties": {
        "ada_parsel": "1103-8",
        "poi_id": "17",
        "poi_adi": "Doğan Market",
        "kategori": "Yaşam",
        "alt_kategori": "AVM & Market",
        "mesafe_m": 1217.6,
        "mesafe_km": 1.22,
        "sure_sn": 876.7,
        "sure_dk": 14.6
      },
      "geometry": {
        "type": "Point",
        "coordinates": [
          29.056886017000068,
          41.01285573000007
        ]
      }
    },
    {
      "type": "Feature",
      "properties": {
        "ada_parsel": "1103-8",
        "poi_id": "18",
        "poi_adi": "Demar Süpermarket",
        "kategori": "Yaşam",
        "alt_kategori": "AVM & Market",
        "mesafe_m": 999.3,
        "mesafe_km": 1,
        "sure_sn": 719.5,
        "sure_dk": 12
      },
      "geometry": {
        "type": "Point",
        "coordinates": [
          29.04890468700006,
          41.01120319800003
        ]
      }
    },
    {
      "type": "Feature",
      "properties": {
        "ada_parsel": "1103-8",
        "poi_id": "19",
        "poi_adi": "Özbesi Et ve Tavuk Kasap",
        "kategori": "Yaşam",
        "alt_kategori": "AVM & Market",
        "mesafe_m": 304,
        "mesafe_km": 0.3,
        "sure_sn": 218.9,
        "sure_dk": 3.6
      },
      "geometry": {
        "type": "Point",
        "coordinates": [
          29.051404191000074,
          41.006406481000056
        ]
      }
    },
    {
      "type": "Feature",
      "properties": {
        "ada_parsel": "1103-8",
        "poi_id": "20",
        "poi_adi": "Kılıç Market",
        "kategori": "Yaşam",
        "alt_kategori": "AVM & Market",
        "mesafe_m": 1076.8,
        "mesafe_km": 1.08,
        "sure_sn": 775.3,
        "sure_dk": 12.9
      },
      "geometry": {
        "type": "Point",
        "coordinates": [
          29.056230802000073,
          41.01162145700005
        ]
      }
    },
    {
      "type": "Feature",
      "properties": {
        "ada_parsel": "1103-8",
        "poi_id": "21",
        "poi_adi": "Akasyamar Market",
        "kategori": "Yaşam",
        "alt_kategori": "AVM & Market",
        "mesafe_m": 702.3,
        "mesafe_km": 0.7,
        "sure_sn": 505.7,
        "sure_dk": 8.4
      },
      "geometry": {
        "type": "Point",
        "coordinates": [
          29.05430300100005,
          41.00660787100003
        ]
      }
    },
    {
      "type": "Feature",
      "properties": {
        "ada_parsel": "1103-8",
        "poi_id": "22",
        "poi_adi": "Süt Sokakğı Şarküteri",
        "kategori": "Yaşam",
        "alt_kategori": "AVM & Market",
        "mesafe_m": 108.3,
        "mesafe_km": 0.11,
        "sure_sn": 78,
        "sure_dk": 1.3
      },
      "geometry": {
        "type": "Point",
        "coordinates": [
          29.050564773000076,
          41.004018160000044
        ]
      }
    },
    {
      "type": "Feature",
      "properties": {
        "ada_parsel": "1103-8",
        "poi_id": "23",
        "poi_adi": "Akasyamar Market",
        "kategori": "Yaşam",
        "alt_kategori": "AVM & Market",
        "mesafe_m": 701.6,
        "mesafe_km": 0.7,
        "sure_sn": 505.2,
        "sure_dk": 8.4
      },
      "geometry": {
        "type": "Point",
        "coordinates": [
          29.054293614000073,
          41.006619656000055
        ]
      }
    },
    {
      "type": "Feature",
      "properties": {
        "ada_parsel": "1103-8",
        "poi_id": "24",
        "poi_adi": "Migros",
        "kategori": "Yaşam",
        "alt_kategori": "AVM & Market",
        "mesafe_m": 1296.7,
        "mesafe_km": 1.3,
        "sure_sn": 933.6,
        "sure_dk": 15.6
      },
      "geometry": {
        "type": "Point",
        "coordinates": [
          29.054017491000025,
          41.01323132400006
        ]
      }
    },
    {
      "type": "Feature",
      "properties": {
        "ada_parsel": "1103-8",
        "poi_id": "25",
        "poi_adi": "Ceylan Market",
        "kategori": "Yaşam",
        "alt_kategori": "AVM & Market",
        "mesafe_m": 53.9,
        "mesafe_km": 0.05,
        "sure_sn": 38.8,
        "sure_dk": 0.6
      },
      "geometry": {
        "type": "Point",
        "coordinates": [
          29.04980908500005,
          41.00450437000006
        ]
      }
    },
    {
      "type": "Feature",
      "properties": {
        "ada_parsel": "1103-8",
        "poi_id": "26",
        "poi_adi": "ŞOK",
        "kategori": "Yaşam",
        "alt_kategori": "AVM & Market",
        "mesafe_m": 1114.8,
        "mesafe_km": 1.11,
        "sure_sn": 802.6,
        "sure_dk": 13.4
      },
      "geometry": {
        "type": "Point",
        "coordinates": [
          29.05318528500004,
          41.01240726100008
        ]
      }
    },
    {
      "type": "Feature",
      "properties": {
        "ada_parsel": "1103-8",
        "poi_id": "27",
        "poi_adi": "Aktaş Market",
        "kategori": "Yaşam",
        "alt_kategori": "AVM & Market",
        "mesafe_m": 85.8,
        "mesafe_km": 0.09,
        "sure_sn": 61.8,
        "sure_dk": 1
      },
      "geometry": {
        "type": "Point",
        "coordinates": [
          29.050421088000064,
          41.00384667900005
        ]
      }
    },
    {
      "type": "Feature",
      "properties": {
        "ada_parsel": "1103-8",
        "poi_id": "28",
        "poi_adi": "BİM",
        "kategori": "Yaşam",
        "alt_kategori": "AVM & Market",
        "mesafe_m": 214,
        "mesafe_km": 0.21,
        "sure_sn": 154.1,
        "sure_dk": 2.6
      },
      "geometry": {
        "type": "Point",
        "coordinates": [
          29.048898047000023,
          41.00281701900008
        ]
      }
    },
    {
      "type": "Feature",
      "properties": {
        "ada_parsel": "1103-8",
        "poi_id": "29",
        "poi_adi": "Kim - Acıbadem Şubesi",
        "kategori": "Yaşam",
        "alt_kategori": "AVM & Market",
        "mesafe_m": 203.9,
        "mesafe_km": 0.2,
        "sure_sn": 146.8,
        "sure_dk": 2.4
      },
      "geometry": {
        "type": "Point",
        "coordinates": [
          29.051510191000034,
          41.002638958000034
        ]
      }
    },
    {
      "type": "Feature",
      "properties": {
        "ada_parsel": "1103-8",
        "poi_id": "30",
        "poi_adi": "BİM",
        "kategori": "Yaşam",
        "alt_kategori": "AVM & Market",
        "mesafe_m": 765.6,
        "mesafe_km": 0.77,
        "sure_sn": 551.3,
        "sure_dk": 9.2
      },
      "geometry": {
        "type": "Point",
        "coordinates": [
          29.04730292800008,
          41.00970954300004
        ]
      }
    },
    {
      "type": "Feature",
      "properties": {
        "ada_parsel": "1103-8",
        "poi_id": "31",
        "poi_adi": "BİM",
        "kategori": "Yaşam",
        "alt_kategori": "AVM & Market",
        "mesafe_m": 1025.2,
        "mesafe_km": 1.03,
        "sure_sn": 738.1,
        "sure_dk": 12.3
      },
      "geometry": {
        "type": "Point",
        "coordinates": [
          29.053292191000025,
          41.011818670000025
        ]
      }
    },
    {
      "type": "Feature",
      "properties": {
        "ada_parsel": "1103-8",
        "poi_id": "32",
        "poi_adi": "A101",
        "kategori": "Yaşam",
        "alt_kategori": "AVM & Market",
        "mesafe_m": 581,
        "mesafe_km": 0.58,
        "sure_sn": 418.3,
        "sure_dk": 7
      },
      "geometry": {
        "type": "Point",
        "coordinates": [
          29.05220614800004,
          41.008205340000075
        ]
      }
    },
    {
      "type": "Feature",
      "properties": {
        "ada_parsel": "1103-8",
        "poi_id": "33",
        "poi_adi": "FİLE",
        "kategori": "Yaşam",
        "alt_kategori": "AVM & Market",
        "mesafe_m": 447.3,
        "mesafe_km": 0.45,
        "sure_sn": 322.1,
        "sure_dk": 5.4
      },
      "geometry": {
        "type": "Point",
        "coordinates": [
          29.04756611600004,
          41.00670658300004
        ]
      }
    },
    {
      "type": "Feature",
      "properties": {
        "ada_parsel": "1103-8",
        "poi_id": "34",
        "poi_adi": "Design Market",
        "kategori": "Yaşam",
        "alt_kategori": "AVM & Market",
        "mesafe_m": 928.2,
        "mesafe_km": 0.93,
        "sure_sn": 668.3,
        "sure_dk": 11.1
      },
      "geometry": {
        "type": "Point",
        "coordinates": [
          29.05559478600003,
          41.00218299900007
        ]
      }
    },
    {
      "type": "Feature",
      "properties": {
        "ada_parsel": "1103-8",
        "poi_id": "35",
        "poi_adi": "Onur Gıda",
        "kategori": "Yaşam",
        "alt_kategori": "AVM & Market",
        "mesafe_m": 234.1,
        "mesafe_km": 0.23,
        "sure_sn": 168.5,
        "sure_dk": 2.8
      },
      "geometry": {
        "type": "Point",
        "coordinates": [
          29.051336427000024,
          41.00498082200005
        ]
      }
    },
    {
      "type": "Feature",
      "properties": {
        "ada_parsel": "1103-8",
        "poi_id": "36",
        "poi_adi": "Carrefoursa Carrefour",
        "kategori": "Yaşam",
        "alt_kategori": "AVM & Market",
        "mesafe_m": 877.2,
        "mesafe_km": 0.88,
        "sure_sn": 631.6,
        "sure_dk": 10.5
      },
      "geometry": {
        "type": "Point",
        "coordinates": [
          29.050920072000054,
          41.00969667900006
        ]
      }
    },
    {
      "type": "Feature",
      "properties": {
        "ada_parsel": "1103-8",
        "poi_id": "37",
        "poi_adi": "Acıbadem Süpermarket",
        "kategori": "Yaşam",
        "alt_kategori": "AVM & Market",
        "mesafe_m": 123,
        "mesafe_km": 0.12,
        "sure_sn": 88.6,
        "sure_dk": 1.5
      },
      "geometry": {
        "type": "Point",
        "coordinates": [
          29.04920299400004,
          41.005008049000025
        ]
      }
    },
    {
      "type": "Feature",
      "properties": {
        "ada_parsel": "1103-8",
        "poi_id": "38",
        "poi_adi": "Görkem Et Kasap",
        "kategori": "Yaşam",
        "alt_kategori": "AVM & Market",
        "mesafe_m": 127.2,
        "mesafe_km": 0.13,
        "sure_sn": 91.6,
        "sure_dk": 1.5
      },
      "geometry": {
        "type": "Point",
        "coordinates": [
          29.049609230000044,
          41.00340390700006
        ]
      }
    },
    {
      "type": "Feature",
      "properties": {
        "ada_parsel": "1103-8",
        "poi_id": "39",
        "poi_adi": "Manav Acıbadem",
        "kategori": "Yaşam",
        "alt_kategori": "AVM & Market",
        "mesafe_m": 1362.5,
        "mesafe_km": 1.36,
        "sure_sn": 981,
        "sure_dk": 16.4
      },
      "geometry": {
        "type": "Point",
        "coordinates": [
          29.054239670000072,
          41.01346217400004
        ]
      }
    },
    {
      "type": "Feature",
      "properties": {
        "ada_parsel": "1103-8",
        "poi_id": "40",
        "poi_adi": "Macro Center",
        "kategori": "Yaşam",
        "alt_kategori": "AVM & Market",
        "mesafe_m": 740.1,
        "mesafe_km": 0.74,
        "sure_sn": 532.9,
        "sure_dk": 8.9
      },
      "geometry": {
        "type": "Point",
        "coordinates": [
          29.05470919700008,
          41.00120302400006
        ]
      }
    },
    {
      "type": "Feature",
      "properties": {
        "ada_parsel": "1103-8",
        "poi_id": "41",
        "poi_adi": "Migros Jet",
        "kategori": "Yaşam",
        "alt_kategori": "AVM & Market",
        "mesafe_m": 730.3,
        "mesafe_km": 0.73,
        "sure_sn": 525.8,
        "sure_dk": 8.8
      },
      "geometry": {
        "type": "Point",
        "coordinates": [
          29.05083780500007,
          41.00895101200007
        ]
      }
    },
    {
      "type": "Feature",
      "properties": {
        "ada_parsel": "1103-8",
        "poi_id": "42",
        "poi_adi": "Migros",
        "kategori": "Yaşam",
        "alt_kategori": "AVM & Market",
        "mesafe_m": 738.1,
        "mesafe_km": 0.74,
        "sure_sn": 531.4,
        "sure_dk": 8.9
      },
      "geometry": {
        "type": "Point",
        "coordinates": [
          29.050805763000028,
          41.00904865600006
        ]
      }
    },
    {
      "type": "Feature",
      "properties": {
        "ada_parsel": "1103-8",
        "poi_id": "43",
        "poi_adi": "Öz Besa Gıda Market",
        "kategori": "Yaşam",
        "alt_kategori": "AVM & Market",
        "mesafe_m": 331.9,
        "mesafe_km": 0.33,
        "sure_sn": 239,
        "sure_dk": 4
      },
      "geometry": {
        "type": "Point",
        "coordinates": [
          29.05130534700004,
          41.00650684900006
        ]
      }
    },
    {
      "type": "Feature",
      "properties": {
        "ada_parsel": "1103-8",
        "poi_id": "44",
        "poi_adi": "Macro Center - Acıbadem Şubesi",
        "kategori": "Yaşam",
        "alt_kategori": "AVM & Market",
        "mesafe_m": 688.6,
        "mesafe_km": 0.69,
        "sure_sn": 495.8,
        "sure_dk": 8.3
      },
      "geometry": {
        "type": "Point",
        "coordinates": [
          29.05045763100003,
          41.008688224000025
        ]
      }
    },
    {
      "type": "Feature",
      "properties": {
        "ada_parsel": "1103-8",
        "poi_id": "45",
        "poi_adi": "Nurcan Gıda",
        "kategori": "Yaşam",
        "alt_kategori": "AVM & Market",
        "mesafe_m": 762.9,
        "mesafe_km": 0.76,
        "sure_sn": 549.3,
        "sure_dk": 9.2
      },
      "geometry": {
        "type": "Point",
        "coordinates": [
          29.054006598000058,
          41.006108306000044
        ]
      }
    },
    {
      "type": "Feature",
      "properties": {
        "ada_parsel": "1103-8",
        "poi_id": "46",
        "poi_adi": "Mopaş - Acıbadem Şubesi",
        "kategori": "Yaşam",
        "alt_kategori": "AVM & Market",
        "mesafe_m": 861,
        "mesafe_km": 0.86,
        "sure_sn": 619.9,
        "sure_dk": 10.3
      },
      "geometry": {
        "type": "Point",
        "coordinates": [
          29.05163847800003,
          41.01006451400008
        ]
      }
    },
    {
      "type": "Feature",
      "properties": {
        "ada_parsel": "1103-8",
        "poi_id": "47",
        "poi_adi": "Sadabad Süt",
        "kategori": "Yaşam",
        "alt_kategori": "AVM & Market",
        "mesafe_m": 509,
        "mesafe_km": 0.51,
        "sure_sn": 366.4,
        "sure_dk": 6.1
      },
      "geometry": {
        "type": "Point",
        "coordinates": [
          29.047890736000056,
          41.00713915600005
        ]
      }
    },
    {
      "type": "Feature",
      "properties": {
        "ada_parsel": "1103-8",
        "poi_id": "48",
        "poi_adi": "Akasya Koru Evleri Parkı",
        "kategori": "Yaşam",
        "alt_kategori": "Park",
        "mesafe_m": 861.5,
        "mesafe_km": 0.86,
        "sure_sn": 620.3,
        "sure_dk": 10.3
      },
      "geometry": {
        "type": "Point",
        "coordinates": [
          29.054913404000047,
          41.00323614600006
        ]
      }
    },
    {
      "type": "Feature",
      "properties": {
        "ada_parsel": "1103-8",
        "poi_id": "49",
        "poi_adi": "Şehit Mete Sertbaşı Parkı",
        "kategori": "Yaşam",
        "alt_kategori": "Park",
        "mesafe_m": 314.6,
        "mesafe_km": 0.31,
        "sure_sn": 226.5,
        "sure_dk": 3.8
      },
      "geometry": {
        "type": "Point",
        "coordinates": [
          29.048624278000034,
          41.006176003000064
        ]
      }
    },
    {
      "type": "Feature",
      "properties": {
        "ada_parsel": "1103-8",
        "poi_id": "50",
        "poi_adi": "Atıf Bey Parkı",
        "kategori": "Yaşam",
        "alt_kategori": "Park",
        "mesafe_m": 889.1,
        "mesafe_km": 0.89,
        "sure_sn": 640.1,
        "sure_dk": 10.7
      },
      "geometry": {
        "type": "Point",
        "coordinates": [
          29.04683957700007,
          41.010832986000025
        ]
      }
    },
    {
      "type": "Feature",
      "properties": {
        "ada_parsel": "1103-8",
        "poi_id": "51",
        "poi_adi": "Gülistan Parkı",
        "kategori": "Yaşam",
        "alt_kategori": "Park",
        "mesafe_m": 910,
        "mesafe_km": 0.91,
        "sure_sn": 655.2,
        "sure_dk": 10.9
      },
      "geometry": {
        "type": "Point",
        "coordinates": [
          29.04833519600004,
          41.010468882000055
        ]
      }
    },
    {
      "type": "Feature",
      "properties": {
        "ada_parsel": "1103-8",
        "poi_id": "52",
        "poi_adi": "Erdem Parkı",
        "kategori": "Yaşam",
        "alt_kategori": "Park",
        "mesafe_m": 900.6,
        "mesafe_km": 0.9,
        "sure_sn": 648.4,
        "sure_dk": 10.8
      },
      "geometry": {
        "type": "Point",
        "coordinates": [
          29.049278051000044,
          41.00991845600004
        ]
      }
    },
    {
      "type": "Feature",
      "properties": {
        "ada_parsel": "1103-8",
        "poi_id": "53",
        "poi_adi": "Menekşe Parkı",
        "kategori": "Yaşam",
        "alt_kategori": "Park",
        "mesafe_m": 1209.2,
        "mesafe_km": 1.21,
        "sure_sn": 870.6,
        "sure_dk": 14.5
      },
      "geometry": {
        "type": "Point",
        "coordinates": [
          29.051959010000076,
          41.01282326000006
        ]
      }
    },
    {
      "type": "Feature",
      "properties": {
        "ada_parsel": "1103-8",
        "poi_id": "54",
        "poi_adi": "Valievleri Parkı",
        "kategori": "Yaşam",
        "alt_kategori": "Park",
        "mesafe_m": 924.7,
        "mesafe_km": 0.92,
        "sure_sn": 665.8,
        "sure_dk": 11.1
      },
      "geometry": {
        "type": "Point",
        "coordinates": [
          29.054072165000036,
          41.00544116900005
        ]
      }
    },
    {
      "type": "Feature",
      "properties": {
        "ada_parsel": "1103-8",
        "poi_id": "55",
        "poi_adi": "75. Yıl Cumhuriyet Parkı",
        "kategori": "Yaşam",
        "alt_kategori": "Park",
        "mesafe_m": 1496.1,
        "mesafe_km": 1.5,
        "sure_sn": 1077.2,
        "sure_dk": 18
      },
      "geometry": {
        "type": "Point",
        "coordinates": [
          29.04507480500007,
          41.01201434500007
        ]
      }
    },
    {
      "type": "Feature",
      "properties": {
        "ada_parsel": "1103-8",
        "poi_id": "56",
        "poi_adi": "K Pilates",
        "kategori": "Yaşam",
        "alt_kategori": "Spor Salonu&Tesisi",
        "mesafe_m": 1278.4,
        "mesafe_km": 1.28,
        "sure_sn": 920.5,
        "sure_dk": 15.3
      },
      "geometry": {
        "type": "Point",
        "coordinates": [
          29.05492248400003,
          41.013518343000044
        ]
      }
    },
    {
      "type": "Feature",
      "properties": {
        "ada_parsel": "1103-8",
        "poi_id": "57",
        "poi_adi": "Basketbol Sahası",
        "kategori": "Yaşam",
        "alt_kategori": "Spor Salonu&Tesisi",
        "mesafe_m": 1491.1,
        "mesafe_km": 1.49,
        "sure_sn": 1073.6,
        "sure_dk": 17.9
      },
      "geometry": {
        "type": "Point",
        "coordinates": [
          29.045090893000065,
          41.01182606000003
        ]
      }
    },
    {
      "type": "Feature",
      "properties": {
        "ada_parsel": "1103-8",
        "poi_id": "58",
        "poi_adi": "Erdem Parkı Basketbol Sahası",
        "kategori": "Yaşam",
        "alt_kategori": "Spor Salonu&Tesisi",
        "mesafe_m": 885.1,
        "mesafe_km": 0.89,
        "sure_sn": 637.3,
        "sure_dk": 10.6
      },
      "geometry": {
        "type": "Point",
        "coordinates": [
          29.049383272000057,
          41.009799755000074
        ]
      }
    },
    {
      "type": "Feature",
      "properties": {
        "ada_parsel": "1103-8",
        "poi_id": "59",
        "poi_adi": "Uzunçayir",
        "kategori": "Ulaşım",
        "alt_kategori": "Metrobüs",
        "mesafe_m": 1349.6,
        "mesafe_km": 1.35,
        "sure_sn": 971.7,
        "sure_dk": 16.2
      },
      "geometry": {
        "type": "Point",
        "coordinates": [
          29.056611694000026,
          40.99890731100004
        ]
      }
    },
    {
      "type": "Feature",
      "properties": {
        "ada_parsel": "1103-8",
        "poi_id": "60",
        "poi_adi": "UZUNÇAYIR METROBÜS Durağı",
        "kategori": "Ulaşım",
        "alt_kategori": "Otobüs",
        "mesafe_m": 1568.1,
        "mesafe_km": 1.57,
        "sure_sn": 1129,
        "sure_dk": 18.8
      },
      "geometry": {
        "type": "Point",
        "coordinates": [
          29.054369,
          40.99988500100005
        ]
      }
    },
    {
      "type": "Feature",
      "properties": {
        "ada_parsel": "1103-8",
        "poi_id": "61",
        "poi_adi": "ŞEHİT MURAT NAİBOĞLU Durağı",
        "kategori": "Ulaşım",
        "alt_kategori": "Otobüs",
        "mesafe_m": 677.5,
        "mesafe_km": 0.68,
        "sure_sn": 487.8,
        "sure_dk": 8.1
      },
      "geometry": {
        "type": "Point",
        "coordinates": [
          29.050053,
          41.00851400100004
        ]
      }
    },
    {
      "type": "Feature",
      "properties": {
        "ada_parsel": "1103-8",
        "poi_id": "62",
        "poi_adi": "ŞEHİT MURAT MERTEL Durağı",
        "kategori": "Ulaşım",
        "alt_kategori": "Otobüs",
        "mesafe_m": 870.5,
        "mesafe_km": 0.87,
        "sure_sn": 626.8,
        "sure_dk": 10.4
      },
      "geometry": {
        "type": "Point",
        "coordinates": [
          29.051407,
          41.01016800100007
        ]
      }
    },
    {
      "type": "Feature",
      "properties": {
        "ada_parsel": "1103-8",
        "poi_id": "63",
        "poi_adi": "ACIBADEM CADDESİ Durağı",
        "kategori": "Ulaşım",
        "alt_kategori": "Otobüs",
        "mesafe_m": 997.4,
        "mesafe_km": 1,
        "sure_sn": 718.1,
        "sure_dk": 12
      },
      "geometry": {
        "type": "Point",
        "coordinates": [
          29.052389,
          41.011325001000046
        ]
      }
    },
    {
      "type": "Feature",
      "properties": {
        "ada_parsel": "1103-8",
        "poi_id": "64",
        "poi_adi": "TÜRK TELEKOM - ÇAMLICA KIZ LİSESİ Durağı",
        "kategori": "Ulaşım",
        "alt_kategori": "Otobüs",
        "mesafe_m": 466.3,
        "mesafe_km": 0.47,
        "sure_sn": 335.8,
        "sure_dk": 5.6
      },
      "geometry": {
        "type": "Point",
        "coordinates": [
          29.048397,
          41.007074001000035
        ]
      }
    },
    {
      "type": "Feature",
      "properties": {
        "ada_parsel": "1103-8",
        "poi_id": "65",
        "poi_adi": "ATIF BEY SOKAK Durağı",
        "kategori": "Ulaşım",
        "alt_kategori": "Otobüs",
        "mesafe_m": 1004.9,
        "mesafe_km": 1,
        "sure_sn": 723.5,
        "sure_dk": 12.1
      },
      "geometry": {
        "type": "Point",
        "coordinates": [
          29.041746,
          41.01010000100007
        ]
      }
    },
    {
      "type": "Feature",
      "properties": {
        "ada_parsel": "1103-8",
        "poi_id": "66",
        "poi_adi": "VALİDEBAĞ SANATORYUM Durağı",
        "kategori": "Ulaşım",
        "alt_kategori": "Otobüs",
        "mesafe_m": 1270.6,
        "mesafe_km": 1.27,
        "sure_sn": 914.8,
        "sure_dk": 15.2
      },
      "geometry": {
        "type": "Point",
        "coordinates": [
          29.040167,
          41.011276001000056
        ]
      }
    },
    {
      "type": "Feature",
      "properties": {
        "ada_parsel": "1103-8",
        "poi_id": "67",
        "poi_adi": "TİMLO SİTESİ Durağı",
        "kategori": "Ulaşım",
        "alt_kategori": "Otobüs",
        "mesafe_m": 877.2,
        "mesafe_km": 0.88,
        "sure_sn": 631.6,
        "sure_dk": 10.5
      },
      "geometry": {
        "type": "Point",
        "coordinates": [
          29.054798,
          41.00513200100005
        ]
      }
    },
    {
      "type": "Feature",
      "properties": {
        "ada_parsel": "1103-8",
        "poi_id": "68",
        "poi_adi": "VALİEVLERİ Durağı",
        "kategori": "Ulaşım",
        "alt_kategori": "Otobüs",
        "mesafe_m": 708.2,
        "mesafe_km": 0.71,
        "sure_sn": 509.9,
        "sure_dk": 8.5
      },
      "geometry": {
        "type": "Point",
        "coordinates": [
          29.054623,
          41.00675700100004
        ]
      }
    },
    {
      "type": "Feature",
      "properties": {
        "ada_parsel": "1103-8",
        "poi_id": "69",
        "poi_adi": "AKASYA KONUTLARI GÖL ETABI Durağı",
        "kategori": "Ulaşım",
        "alt_kategori": "Otobüs",
        "mesafe_m": 873.8,
        "mesafe_km": 0.87,
        "sure_sn": 629.1,
        "sure_dk": 10.5
      },
      "geometry": {
        "type": "Point",
        "coordinates": [
          29.055789,
          41.00642600100008
        ]
      }
    },
    {
      "type": "Feature",
      "properties": {
        "ada_parsel": "1103-8",
        "poi_id": "70",
        "poi_adi": "LALEZAR Durağı",
        "kategori": "Ulaşım",
        "alt_kategori": "Otobüs",
        "mesafe_m": 1209.6,
        "mesafe_km": 1.21,
        "sure_sn": 870.9,
        "sure_dk": 14.5
      },
      "geometry": {
        "type": "Point",
        "coordinates": [
          29.059995,
          41.006368001000055
        ]
      }
    },
    {
      "type": "Feature",
      "properties": {
        "ada_parsel": "1103-8",
        "poi_id": "71",
        "poi_adi": "BEGONYA Durağı",
        "kategori": "Ulaşım",
        "alt_kategori": "Otobüs",
        "mesafe_m": 1343.6,
        "mesafe_km": 1.34,
        "sure_sn": 967.4,
        "sure_dk": 16.1
      },
      "geometry": {
        "type": "Point",
        "coordinates": [
          29.059364,
          41.00526300100006
        ]
      }
    },
    {
      "type": "Feature",
      "properties": {
        "ada_parsel": "1103-8",
        "poi_id": "72",
        "poi_adi": "MİMOZA Durağı",
        "kategori": "Ulaşım",
        "alt_kategori": "Otobüs",
        "mesafe_m": 1005.8,
        "mesafe_km": 1.01,
        "sure_sn": 724.1,
        "sure_dk": 12.1
      },
      "geometry": {
        "type": "Point",
        "coordinates": [
          29.057225,
          41.002180001000056
        ]
      }
    },
    {
      "type": "Feature",
      "properties": {
        "ada_parsel": "1103-8",
        "poi_id": "73",
        "poi_adi": "AKASYA Durağı",
        "kategori": "Ulaşım",
        "alt_kategori": "Otobüs",
        "mesafe_m": 1069.1,
        "mesafe_km": 1.07,
        "sure_sn": 769.7,
        "sure_dk": 12.8
      },
      "geometry": {
        "type": "Point",
        "coordinates": [
          29.05647,
          41.00468600100004
        ]
      }
    },
    {
      "type": "Feature",
      "properties": {
        "ada_parsel": "1103-8",
        "poi_id": "74",
        "poi_adi": "UZUNÇAYIR Durağı",
        "kategori": "Ulaşım",
        "alt_kategori": "Otobüs",
        "mesafe_m": 914.2,
        "mesafe_km": 0.91,
        "sure_sn": 658.2,
        "sure_dk": 11
      },
      "geometry": {
        "type": "Point",
        "coordinates": [
          29.057276975000036,
          40.999567022000065
        ]
      }
    },
    {
      "type": "Feature",
      "properties": {
        "ada_parsel": "1103-8",
        "poi_id": "75",
        "poi_adi": "Arby'S",
        "kategori": "Sosyal&Kültürel",
        "alt_kategori": "Kafe & Restaurant",
        "mesafe_m": 815,
        "mesafe_km": 0.82,
        "sure_sn": 586.8,
        "sure_dk": 9.8
      },
      "geometry": {
        "type": "Point",
        "coordinates": [
          29.05531435900008,
          41.00120316700003
        ]
      }
    },
    {
      "type": "Feature",
      "properties": {
        "ada_parsel": "1103-8",
        "poi_id": "76",
        "poi_adi": "Fener Balık Kosuyolu",
        "kategori": "Sosyal&Kültürel",
        "alt_kategori": "Kafe & Restaurant",
        "mesafe_m": 1058,
        "mesafe_km": 1.06,
        "sure_sn": 761.8,
        "sure_dk": 12.7
      },
      "geometry": {
        "type": "Point",
        "coordinates": [
          29.041867136000064,
          41.010375389000046
        ]
      }
    },
    {
      "type": "Feature",
      "properties": {
        "ada_parsel": "1103-8",
        "poi_id": "77",
        "poi_adi": "Arsamiea Çiğköfte",
        "kategori": "Sosyal&Kültürel",
        "alt_kategori": "Kafe & Restaurant",
        "mesafe_m": 355.1,
        "mesafe_km": 0.36,
        "sure_sn": 255.7,
        "sure_dk": 4.3
      },
      "geometry": {
        "type": "Point",
        "coordinates": [
          29.051116173000025,
          41.00662325700006
        ]
      }
    },
    {
      "type": "Feature",
      "properties": {
        "ada_parsel": "1103-8",
        "poi_id": "78",
        "poi_adi": "Arsamiea Çiğköfte",
        "kategori": "Sosyal&Kültürel",
        "alt_kategori": "Kafe & Restaurant",
        "mesafe_m": 464.6,
        "mesafe_km": 0.46,
        "sure_sn": 334.5,
        "sure_dk": 5.6
      },
      "geometry": {
        "type": "Point",
        "coordinates": [
          29.051505854000027,
          41.00730756400003
        ]
      }
    },
    {
      "type": "Feature",
      "properties": {
        "ada_parsel": "1103-8",
        "poi_id": "79",
        "poi_adi": "Kuğu Pastanesi",
        "kategori": "Sosyal&Kültürel",
        "alt_kategori": "Kafe & Restaurant",
        "mesafe_m": 568.3,
        "mesafe_km": 0.57,
        "sure_sn": 409.1,
        "sure_dk": 6.8
      },
      "geometry": {
        "type": "Point",
        "coordinates": [
          29.04976779800006,
          41.007736555000065
        ]
      }
    },
    {
      "type": "Feature",
      "properties": {
        "ada_parsel": "1103-8",
        "poi_id": "80",
        "poi_adi": "Sushico",
        "kategori": "Sosyal&Kültürel",
        "alt_kategori": "Kafe & Restaurant",
        "mesafe_m": 838.8,
        "mesafe_km": 0.84,
        "sure_sn": 603.9,
        "sure_dk": 10.1
      },
      "geometry": {
        "type": "Point",
        "coordinates": [
          29.055443065000077,
          41.001398265000034
        ]
      }
    },
    {
      "type": "Feature",
      "properties": {
        "ada_parsel": "1103-8",
        "poi_id": "81",
        "poi_adi": "Starbucks",
        "kategori": "Sosyal&Kültürel",
        "alt_kategori": "Kafe & Restaurant",
        "mesafe_m": 740.1,
        "mesafe_km": 0.74,
        "sure_sn": 532.9,
        "sure_dk": 8.9
      },
      "geometry": {
        "type": "Point",
        "coordinates": [
          29.054409925000073,
          41.001099992000036
        ]
      }
    },
    {
      "type": "Feature",
      "properties": {
        "ada_parsel": "1103-8",
        "poi_id": "82",
        "poi_adi": "Hanimeli Restorant",
        "kategori": "Sosyal&Kültürel",
        "alt_kategori": "Kafe & Restaurant",
        "mesafe_m": 738.1,
        "mesafe_km": 0.74,
        "sure_sn": 531.4,
        "sure_dk": 8.9
      },
      "geometry": {
        "type": "Point",
        "coordinates": [
          29.050805763000028,
          41.00904865600006
        ]
      }
    },
    {
      "type": "Feature",
      "properties": {
        "ada_parsel": "1103-8",
        "poi_id": "83",
        "poi_adi": "Cafe Deyim",
        "kategori": "Sosyal&Kültürel",
        "alt_kategori": "Kafe & Restaurant",
        "mesafe_m": 798.4,
        "mesafe_km": 0.8,
        "sure_sn": 574.8,
        "sure_dk": 9.6
      },
      "geometry": {
        "type": "Point",
        "coordinates": [
          29.050691216000075,
          41.00942454400007
        ]
      }
    },
    {
      "type": "Feature",
      "properties": {
        "ada_parsel": "1103-8",
        "poi_id": "84",
        "poi_adi": "Diff Acıbadem",
        "kategori": "Sosyal&Kültürel",
        "alt_kategori": "Kafe & Restaurant",
        "mesafe_m": 1354.8,
        "mesafe_km": 1.35,
        "sure_sn": 975.4,
        "sure_dk": 16.3
      },
      "geometry": {
        "type": "Point",
        "coordinates": [
          29.054252792000057,
          41.01361647200008
        ]
      }
    },
    {
      "type": "Feature",
      "properties": {
        "ada_parsel": "1103-8",
        "poi_id": "85",
        "poi_adi": "Mcdonald'S",
        "kategori": "Sosyal&Kültürel",
        "alt_kategori": "Kafe & Restaurant",
        "mesafe_m": 859.1,
        "mesafe_km": 0.86,
        "sure_sn": 618.5,
        "sure_dk": 10.3
      },
      "geometry": {
        "type": "Point",
        "coordinates": [
          29.055448606000027,
          41.00158648100006
        ]
      }
    },
    {
      "type": "Feature",
      "properties": {
        "ada_parsel": "1103-8",
        "poi_id": "86",
        "poi_adi": "Burger King",
        "kategori": "Sosyal&Kültürel",
        "alt_kategori": "Kafe & Restaurant",
        "mesafe_m": 780.6,
        "mesafe_km": 0.78,
        "sure_sn": 562,
        "sure_dk": 9.4
      },
      "geometry": {
        "type": "Point",
        "coordinates": [
          29.055175421000058,
          41.00091116900006
        ]
      }
    },
    {
      "type": "Feature",
      "properties": {
        "ada_parsel": "1103-8",
        "poi_id": "87",
        "poi_adi": "Kukis Kafe",
        "kategori": "Sosyal&Kültürel",
        "alt_kategori": "Kafe & Restaurant",
        "mesafe_m": 559.9,
        "mesafe_km": 0.56,
        "sure_sn": 403.1,
        "sure_dk": 6.7
      },
      "geometry": {
        "type": "Point",
        "coordinates": [
          29.049711599000034,
          41.007674276000046
        ]
      }
    },
    {
      "type": "Feature",
      "properties": {
        "ada_parsel": "1103-8",
        "poi_id": "88",
        "poi_adi": "Starbucks",
        "kategori": "Sosyal&Kültürel",
        "alt_kategori": "Kafe & Restaurant",
        "mesafe_m": 895.6,
        "mesafe_km": 0.9,
        "sure_sn": 644.9,
        "sure_dk": 10.7
      },
      "geometry": {
        "type": "Point",
        "coordinates": [
          29.05186357300005,
          41.01032624900006
        ]
      }
    },
    {
      "type": "Feature",
      "properties": {
        "ada_parsel": "1103-8",
        "poi_id": "89",
        "poi_adi": "Kahve Dünyası",
        "kategori": "Sosyal&Kültürel",
        "alt_kategori": "Kafe & Restaurant",
        "mesafe_m": 788.3,
        "mesafe_km": 0.79,
        "sure_sn": 567.6,
        "sure_dk": 9.5
      },
      "geometry": {
        "type": "Point",
        "coordinates": [
          29.054096472000026,
          41.00168271900003
        ]
      }
    },
    {
      "type": "Feature",
      "properties": {
        "ada_parsel": "1103-8",
        "poi_id": "90",
        "poi_adi": "Amaretto Cafe",
        "kategori": "Sosyal&Kültürel",
        "alt_kategori": "Kafe & Restaurant",
        "mesafe_m": 409.1,
        "mesafe_km": 0.41,
        "sure_sn": 294.6,
        "sure_dk": 4.9
      },
      "geometry": {
        "type": "Point",
        "coordinates": [
          29.04693051000004,
          41.00665208200007
        ]
      }
    },
    {
      "type": "Feature",
      "properties": {
        "ada_parsel": "1103-8",
        "poi_id": "91",
        "poi_adi": "Popeyes",
        "kategori": "Sosyal&Kültürel",
        "alt_kategori": "Kafe & Restaurant",
        "mesafe_m": 773.4,
        "mesafe_km": 0.77,
        "sure_sn": 556.8,
        "sure_dk": 9.3
      },
      "geometry": {
        "type": "Point",
        "coordinates": [
          29.054706647000046,
          41.00168772400008
        ]
      }
    },
    {
      "type": "Feature",
      "properties": {
        "ada_parsel": "1103-8",
        "poi_id": "92",
        "poi_adi": "Pidem Restaurant Işletmeleri Gıda.Tur.InşVe ",
        "kategori": "Sosyal&Kültürel",
        "alt_kategori": "Kafe & Restaurant",
        "mesafe_m": 740.1,
        "mesafe_km": 0.74,
        "sure_sn": 532.9,
        "sure_dk": 8.9
      },
      "geometry": {
        "type": "Point",
        "coordinates": [
          29.054804782000076,
          41.00162743000004
        ]
      }
    },
    {
      "type": "Feature",
      "properties": {
        "ada_parsel": "1103-8",
        "poi_id": "93",
        "poi_adi": "Ceasar Kahvaltı",
        "kategori": "Sosyal&Kültürel",
        "alt_kategori": "Kafe & Restaurant",
        "mesafe_m": 1175.2,
        "mesafe_km": 1.18,
        "sure_sn": 846.1,
        "sure_dk": 14.1
      },
      "geometry": {
        "type": "Point",
        "coordinates": [
          29.05415610800003,
          41.012790531000064
        ]
      }
    },
    {
      "type": "Feature",
      "properties": {
        "ada_parsel": "1103-8",
        "poi_id": "94",
        "poi_adi": "Has Mantı",
        "kategori": "Sosyal&Kültürel",
        "alt_kategori": "Kafe & Restaurant",
        "mesafe_m": 289,
        "mesafe_km": 0.29,
        "sure_sn": 208.1,
        "sure_dk": 3.5
      },
      "geometry": {
        "type": "Point",
        "coordinates": [
          29.05150253000005,
          41.00620121900005
        ]
      }
    },
    {
      "type": "Feature",
      "properties": {
        "ada_parsel": "1103-8",
        "poi_id": "95",
        "poi_adi": "Tavuk Dünyası",
        "kategori": "Sosyal&Kültürel",
        "alt_kategori": "Kafe & Restaurant",
        "mesafe_m": 725.9,
        "mesafe_km": 0.73,
        "sure_sn": 522.7,
        "sure_dk": 8.7
      },
      "geometry": {
        "type": "Point",
        "coordinates": [
          29.054116780000072,
          41.00072264900007
        ]
      }
    },
    {
      "type": "Feature",
      "properties": {
        "ada_parsel": "1103-8",
        "poi_id": "96",
        "poi_adi": "Sıla Mersin Tantuni",
        "kategori": "Sosyal&Kültürel",
        "alt_kategori": "Kafe & Restaurant",
        "mesafe_m": 957.2,
        "mesafe_km": 0.96,
        "sure_sn": 689.1,
        "sure_dk": 11.5
      },
      "geometry": {
        "type": "Point",
        "coordinates": [
          29.051920713000072,
          41.01102485500007
        ]
      }
    },
    {
      "type": "Feature",
      "properties": {
        "ada_parsel": "1103-8",
        "poi_id": "97",
        "poi_adi": "Genetti Mağzacilik  (Köfteci Ramiz)",
        "kategori": "Sosyal&Kültürel",
        "alt_kategori": "Kafe & Restaurant",
        "mesafe_m": 863.2,
        "mesafe_km": 0.86,
        "sure_sn": 621.5,
        "sure_dk": 10.4
      },
      "geometry": {
        "type": "Point",
        "coordinates": [
          29.05111362200006,
          41.01014647000005
        ]
      }
    },
    {
      "type": "Feature",
      "properties": {
        "ada_parsel": "1103-8",
        "poi_id": "98",
        "poi_adi": "Shake Shack",
        "kategori": "Sosyal&Kültürel",
        "alt_kategori": "Kafe & Restaurant",
        "mesafe_m": 740.1,
        "mesafe_km": 0.74,
        "sure_sn": 532.9,
        "sure_dk": 8.9
      },
      "geometry": {
        "type": "Point",
        "coordinates": [
          29.05455967900008,
          41.00129632000005
        ]
      }
    },
    {
      "type": "Feature",
      "properties": {
        "ada_parsel": "1103-8",
        "poi_id": "99",
        "poi_adi": "Bella Ev Yemekleri",
        "kategori": "Sosyal&Kültürel",
        "alt_kategori": "Kafe & Restaurant",
        "mesafe_m": 1184.5,
        "mesafe_km": 1.18,
        "sure_sn": 852.9,
        "sure_dk": 14.2
      },
      "geometry": {
        "type": "Point",
        "coordinates": [
          29.054230159000042,
          41.012859528000035
        ]
      }
    },
    {
      "type": "Feature",
      "properties": {
        "ada_parsel": "1103-8",
        "poi_id": "100",
        "poi_adi": "Happy Moon'S",
        "kategori": "Sosyal&Kültürel",
        "alt_kategori": "Kafe & Restaurant",
        "mesafe_m": 818.2,
        "mesafe_km": 0.82,
        "sure_sn": 589.1,
        "sure_dk": 9.8
      },
      "geometry": {
        "type": "Point",
        "coordinates": [
          29.055444229000045,
          41.002650655000025
        ]
      }
    },
    {
      "type": "Feature",
      "properties": {
        "ada_parsel": "1103-8",
        "poi_id": "101",
        "poi_adi": "Midpoint",
        "kategori": "Sosyal&Kültürel",
        "alt_kategori": "Kafe & Restaurant",
        "mesafe_m": 789.4,
        "mesafe_km": 0.79,
        "sure_sn": 568.4,
        "sure_dk": 9.5
      },
      "geometry": {
        "type": "Point",
        "coordinates": [
          29.05405927000004,
          41.001680786000065
        ]
      }
    },
    {
      "type": "Feature",
      "properties": {
        "ada_parsel": "1103-8",
        "poi_id": "102",
        "poi_adi": "Eu Can Turizm",
        "kategori": "Sosyal&Kültürel",
        "alt_kategori": "Kafe & Restaurant",
        "mesafe_m": 740.1,
        "mesafe_km": 0.74,
        "sure_sn": 532.9,
        "sure_dk": 8.9
      },
      "geometry": {
        "type": "Point",
        "coordinates": [
          29.054804782000076,
          41.00162743000004
        ]
      }
    },
    {
      "type": "Feature",
      "properties": {
        "ada_parsel": "1103-8",
        "poi_id": "103",
        "poi_adi": "Arsemiea Çiğ Köfte",
        "kategori": "Sosyal&Kültürel",
        "alt_kategori": "Kafe & Restaurant",
        "mesafe_m": 171.8,
        "mesafe_km": 0.17,
        "sure_sn": 123.7,
        "sure_dk": 2.1
      },
      "geometry": {
        "type": "Point",
        "coordinates": [
          29.050749650000057,
          41.005311437000046
        ]
      }
    },
    {
      "type": "Feature",
      "properties": {
        "ada_parsel": "1103-8",
        "poi_id": "104",
        "poi_adi": "Sihirli Spatula Pasta Cafe",
        "kategori": "Sosyal&Kültürel",
        "alt_kategori": "Kafe & Restaurant",
        "mesafe_m": 892,
        "mesafe_km": 0.89,
        "sure_sn": 642.2,
        "sure_dk": 10.7
      },
      "geometry": {
        "type": "Point",
        "coordinates": [
          29.051938982000024,
          41.010251924000045
        ]
      }
    },
    {
      "type": "Feature",
      "properties": {
        "ada_parsel": "1103-8",
        "poi_id": "105",
        "poi_adi": "Acıbadem Tavukçusu",
        "kategori": "Sosyal&Kültürel",
        "alt_kategori": "Kafe & Restaurant",
        "mesafe_m": 518.6,
        "mesafe_km": 0.52,
        "sure_sn": 373.4,
        "sure_dk": 6.2
      },
      "geometry": {
        "type": "Point",
        "coordinates": [
          29.047992054000076,
          41.007193517000076
        ]
      }
    },
    {
      "type": "Feature",
      "properties": {
        "ada_parsel": "1103-8",
        "poi_id": "106",
        "poi_adi": "2D1Y Fast Food",
        "kategori": "Sosyal&Kültürel",
        "alt_kategori": "Kafe & Restaurant",
        "mesafe_m": 1365.5,
        "mesafe_km": 1.37,
        "sure_sn": 983.2,
        "sure_dk": 16.4
      },
      "geometry": {
        "type": "Point",
        "coordinates": [
          29.054268730000047,
          41.013444751000065
        ]
      }
    },
    {
      "type": "Feature",
      "properties": {
        "ada_parsel": "1103-8",
        "poi_id": "107",
        "poi_adi": "Carl'S Junior",
        "kategori": "Sosyal&Kültürel",
        "alt_kategori": "Kafe & Restaurant",
        "mesafe_m": 819.1,
        "mesafe_km": 0.82,
        "sure_sn": 589.8,
        "sure_dk": 9.8
      },
      "geometry": {
        "type": "Point",
        "coordinates": [
          29.055426089000036,
          41.00121936900007
        ]
      }
    },
    {
      "type": "Feature",
      "properties": {
        "ada_parsel": "1103-8",
        "poi_id": "108",
        "poi_adi": "La Cocina",
        "kategori": "Sosyal&Kültürel",
        "alt_kategori": "Kafe & Restaurant",
        "mesafe_m": 1621.5,
        "mesafe_km": 1.62,
        "sure_sn": 1167.5,
        "sure_dk": 19.5
      },
      "geometry": {
        "type": "Point",
        "coordinates": [
          29.057471931000066,
          41.00494860600003
        ]
      }
    },
    {
      "type": "Feature",
      "properties": {
        "ada_parsel": "1103-8",
        "poi_id": "109",
        "poi_adi": "Lezzet Bahçesi",
        "kategori": "Sosyal&Kültürel",
        "alt_kategori": "Kafe & Restaurant",
        "mesafe_m": 788.5,
        "mesafe_km": 0.79,
        "sure_sn": 567.7,
        "sure_dk": 9.5
      },
      "geometry": {
        "type": "Point",
        "coordinates": [
          29.050390770000035,
          41.009364136000045
        ]
      }
    },
    {
      "type": "Feature",
      "properties": {
        "ada_parsel": "1103-8",
        "poi_id": "110",
        "poi_adi": "Sarıyer Börekçisi",
        "kategori": "Sosyal&Kültürel",
        "alt_kategori": "Kafe & Restaurant",
        "mesafe_m": 1044.8,
        "mesafe_km": 1.04,
        "sure_sn": 752.2,
        "sure_dk": 12.5
      },
      "geometry": {
        "type": "Point",
        "coordinates": [
          29.053003769000043,
          41.01163477500006
        ]
      }
    },
    {
      "type": "Feature",
      "properties": {
        "ada_parsel": "1103-8",
        "poi_id": "111",
        "poi_adi": "Hakasya Gıda ",
        "kategori": "Sosyal&Kültürel",
        "alt_kategori": "Kafe & Restaurant",
        "mesafe_m": 740.1,
        "mesafe_km": 0.74,
        "sure_sn": 532.9,
        "sure_dk": 8.9
      },
      "geometry": {
        "type": "Point",
        "coordinates": [
          29.054804782000076,
          41.00162743000004
        ]
      }
    },
    {
      "type": "Feature",
      "properties": {
        "ada_parsel": "1103-8",
        "poi_id": "112",
        "poi_adi": "End Coffee",
        "kategori": "Sosyal&Kültürel",
        "alt_kategori": "Kafe & Restaurant",
        "mesafe_m": 419,
        "mesafe_km": 0.42,
        "sure_sn": 301.7,
        "sure_dk": 5
      },
      "geometry": {
        "type": "Point",
        "coordinates": [
          29.047035062000077,
          41.006700006000074
        ]
      }
    },
    {
      "type": "Feature",
      "properties": {
        "ada_parsel": "1103-8",
        "poi_id": "113",
        "poi_adi": "Kirpi Cafe",
        "kategori": "Sosyal&Kültürel",
        "alt_kategori": "Kafe & Restaurant",
        "mesafe_m": 855.6,
        "mesafe_km": 0.86,
        "sure_sn": 616,
        "sure_dk": 10.3
      },
      "geometry": {
        "type": "Point",
        "coordinates": [
          29.055309629000078,
          41.00158193800007
        ]
      }
    },
    {
      "type": "Feature",
      "properties": {
        "ada_parsel": "1103-8",
        "poi_id": "114",
        "poi_adi": "Mor Gıda Turizm ",
        "kategori": "Sosyal&Kültürel",
        "alt_kategori": "Kafe & Restaurant",
        "mesafe_m": 740.1,
        "mesafe_km": 0.74,
        "sure_sn": 532.9,
        "sure_dk": 8.9
      },
      "geometry": {
        "type": "Point",
        "coordinates": [
          29.054804782000076,
          41.00162743000004
        ]
      }
    },
    {
      "type": "Feature",
      "properties": {
        "ada_parsel": "1103-8",
        "poi_id": "115",
        "poi_adi": "Kukiş Bahçe Cafe",
        "kategori": "Sosyal&Kültürel",
        "alt_kategori": "Kafe & Restaurant",
        "mesafe_m": 582,
        "mesafe_km": 0.58,
        "sure_sn": 419.1,
        "sure_dk": 7
      },
      "geometry": {
        "type": "Point",
        "coordinates": [
          29.049843031000023,
          41.00784695300007
        ]
      }
    },
    {
      "type": "Feature",
      "properties": {
        "ada_parsel": "1103-8",
        "poi_id": "116",
        "poi_adi": "Ticket Restaurant",
        "kategori": "Sosyal&Kültürel",
        "alt_kategori": "Kafe & Restaurant",
        "mesafe_m": 1010,
        "mesafe_km": 1.01,
        "sure_sn": 727.2,
        "sure_dk": 12.1
      },
      "geometry": {
        "type": "Point",
        "coordinates": [
          29.04540027300004,
          41.01052034200006
        ]
      }
    },
    {
      "type": "Feature",
      "properties": {
        "ada_parsel": "1103-8",
        "poi_id": "117",
        "poi_adi": "Kadınların Elinden",
        "kategori": "Sosyal&Kültürel",
        "alt_kategori": "Kafe & Restaurant",
        "mesafe_m": 709.6,
        "mesafe_km": 0.71,
        "sure_sn": 510.9,
        "sure_dk": 8.5
      },
      "geometry": {
        "type": "Point",
        "coordinates": [
          29.05495687900003,
          41.00056236700004
        ]
      }
    },
    {
      "type": "Feature",
      "properties": {
        "ada_parsel": "1103-8",
        "poi_id": "118",
        "poi_adi": "Bizim Lokanta",
        "kategori": "Sosyal&Kültürel",
        "alt_kategori": "Kafe & Restaurant",
        "mesafe_m": 810.1,
        "mesafe_km": 0.81,
        "sure_sn": 583.3,
        "sure_dk": 9.7
      },
      "geometry": {
        "type": "Point",
        "coordinates": [
          29.05499334500007,
          41.002177578000044
        ]
      }
    },
    {
      "type": "Feature",
      "properties": {
        "ada_parsel": "1103-8",
        "poi_id": "119",
        "poi_adi": "Ice Cafe Restaurant",
        "kategori": "Sosyal&Kültürel",
        "alt_kategori": "Kafe & Restaurant",
        "mesafe_m": 898.3,
        "mesafe_km": 0.9,
        "sure_sn": 646.8,
        "sure_dk": 10.8
      },
      "geometry": {
        "type": "Point",
        "coordinates": [
          29.051922713000067,
          41.010395052000035
        ]
      }
    },
    {
      "type": "Feature",
      "properties": {
        "ada_parsel": "1103-8",
        "poi_id": "120",
        "poi_adi": "Toccare Cafe & Restaurant",
        "kategori": "Sosyal&Kültürel",
        "alt_kategori": "Kafe & Restaurant",
        "mesafe_m": 749,
        "mesafe_km": 0.75,
        "sure_sn": 539.2,
        "sure_dk": 9
      },
      "geometry": {
        "type": "Point",
        "coordinates": [
          29.050333332000037,
          41.009135135000065
        ]
      }
    },
    {
      "type": "Feature",
      "properties": {
        "ada_parsel": "1103-8",
        "poi_id": "121",
        "poi_adi": "Kahve Dünyası",
        "kategori": "Sosyal&Kültürel",
        "alt_kategori": "Kafe & Restaurant",
        "mesafe_m": 888.5,
        "mesafe_km": 0.89,
        "sure_sn": 639.7,
        "sure_dk": 10.7
      },
      "geometry": {
        "type": "Point",
        "coordinates": [
          29.055569972000058,
          41.00183610500005
        ]
      }
    },
    {
      "type": "Feature",
      "properties": {
        "ada_parsel": "1103-8",
        "poi_id": "122",
        "poi_adi": "7D Unlu Mamüller ",
        "kategori": "Sosyal&Kültürel",
        "alt_kategori": "Kafe & Restaurant",
        "mesafe_m": 585,
        "mesafe_km": 0.58,
        "sure_sn": 421.2,
        "sure_dk": 7
      },
      "geometry": {
        "type": "Point",
        "coordinates": [
          29.049985178000043,
          41.007810567000035
        ]
      }
    },
    {
      "type": "Feature",
      "properties": {
        "ada_parsel": "1103-8",
        "poi_id": "123",
        "poi_adi": "Lacocina Restaurant",
        "kategori": "Sosyal&Kültürel",
        "alt_kategori": "Kafe & Restaurant",
        "mesafe_m": 1245.1,
        "mesafe_km": 1.25,
        "sure_sn": 896.4,
        "sure_dk": 14.9
      },
      "geometry": {
        "type": "Point",
        "coordinates": [
          29.05379049800007,
          41.003512632000024
        ]
      }
    },
    {
      "type": "Feature",
      "properties": {
        "ada_parsel": "1103-8",
        "poi_id": "124",
        "poi_adi": "Özbesi Ev Yemekleri",
        "kategori": "Sosyal&Kültürel",
        "alt_kategori": "Kafe & Restaurant",
        "mesafe_m": 313.7,
        "mesafe_km": 0.31,
        "sure_sn": 225.8,
        "sure_dk": 3.8
      },
      "geometry": {
        "type": "Point",
        "coordinates": [
          29.05140510600006,
          41.00650928600004
        ]
      }
    },
    {
      "type": "Feature",
      "properties": {
        "ada_parsel": "1103-8",
        "poi_id": "125",
        "poi_adi": "Muhlama Karadeniz Mutfağı",
        "kategori": "Sosyal&Kültürel",
        "alt_kategori": "Kafe & Restaurant",
        "mesafe_m": 799.1,
        "mesafe_km": 0.8,
        "sure_sn": 575.3,
        "sure_dk": 9.6
      },
      "geometry": {
        "type": "Point",
        "coordinates": [
          29.050696768000023,
          41.00942955700003
        ]
      }
    },
    {
      "type": "Feature",
      "properties": {
        "ada_parsel": "1103-8",
        "poi_id": "126",
        "poi_adi": "N37 Gıda ",
        "kategori": "Sosyal&Kültürel",
        "alt_kategori": "Kafe & Restaurant",
        "mesafe_m": 1024.8,
        "mesafe_km": 1.02,
        "sure_sn": 737.9,
        "sure_dk": 12.3
      },
      "geometry": {
        "type": "Point",
        "coordinates": [
          29.05297993100004,
          41.011430017000066
        ]
      }
    },
    {
      "type": "Feature",
      "properties": {
        "ada_parsel": "1103-8",
        "poi_id": "127",
        "poi_adi": "Mıhlama Karadeniz Mutfağı",
        "kategori": "Sosyal&Kültürel",
        "alt_kategori": "Kafe & Restaurant",
        "mesafe_m": 743.3,
        "mesafe_km": 0.74,
        "sure_sn": 535.1,
        "sure_dk": 8.9
      },
      "geometry": {
        "type": "Point",
        "coordinates": [
          29.05086588100005,
          41.009074603000045
        ]
      }
    },
    {
      "type": "Feature",
      "properties": {
        "ada_parsel": "1103-8",
        "poi_id": "128",
        "poi_adi": "Karaman Restaurant",
        "kategori": "Sosyal&Kültürel",
        "alt_kategori": "Kafe & Restaurant",
        "mesafe_m": 1058.4,
        "mesafe_km": 1.06,
        "sure_sn": 762,
        "sure_dk": 12.7
      },
      "geometry": {
        "type": "Point",
        "coordinates": [
          29.041325518000065,
          41.010377954000035
        ]
      }
    },
    {
      "type": "Feature",
      "properties": {
        "ada_parsel": "1103-8",
        "poi_id": "129",
        "poi_adi": "Caribou Coffee",
        "kategori": "Sosyal&Kültürel",
        "alt_kategori": "Kafe & Restaurant",
        "mesafe_m": 869,
        "mesafe_km": 0.87,
        "sure_sn": 625.7,
        "sure_dk": 10.4
      },
      "geometry": {
        "type": "Point",
        "coordinates": [
          29.055460887000038,
          41.00167663800005
        ]
      }
    },
    {
      "type": "Feature",
      "properties": {
        "ada_parsel": "1103-8",
        "poi_id": "130",
        "poi_adi": "Atawich Gıda ",
        "kategori": "Sosyal&Kültürel",
        "alt_kategori": "Kafe & Restaurant",
        "mesafe_m": 740.1,
        "mesafe_km": 0.74,
        "sure_sn": 532.9,
        "sure_dk": 8.9
      },
      "geometry": {
        "type": "Point",
        "coordinates": [
          29.054804782000076,
          41.00162743000004
        ]
      }
    },
    {
      "type": "Feature",
      "properties": {
        "ada_parsel": "1103-8",
        "poi_id": "131",
        "poi_adi": "Dayı Kürek Lahmacun Salonu",
        "kategori": "Sosyal&Kültürel",
        "alt_kategori": "Kafe & Restaurant",
        "mesafe_m": 1293.8,
        "mesafe_km": 1.29,
        "sure_sn": 931.5,
        "sure_dk": 15.5
      },
      "geometry": {
        "type": "Point",
        "coordinates": [
          29.054133224000054,
          41.01319939200005
        ]
      }
    },
    {
      "type": "Feature",
      "properties": {
        "ada_parsel": "1103-8",
        "poi_id": "132",
        "poi_adi": "Yemek Bahçesi Ev Yemekleri",
        "kategori": "Sosyal&Kültürel",
        "alt_kategori": "Kafe & Restaurant",
        "mesafe_m": 974.1,
        "mesafe_km": 0.97,
        "sure_sn": 701.3,
        "sure_dk": 11.7
      },
      "geometry": {
        "type": "Point",
        "coordinates": [
          29.051775793000047,
          41.01113142500003
        ]
      }
    },
    {
      "type": "Feature",
      "properties": {
        "ada_parsel": "1103-8",
        "poi_id": "133",
        "poi_adi": "Eren Cafe",
        "kategori": "Sosyal&Kültürel",
        "alt_kategori": "Kafe & Restaurant",
        "mesafe_m": 142.4,
        "mesafe_km": 0.14,
        "sure_sn": 102.6,
        "sure_dk": 1.7
      },
      "geometry": {
        "type": "Point",
        "coordinates": [
          29.04940234600008,
          41.00340840200005
        ]
      }
    },
    {
      "type": "Feature",
      "properties": {
        "ada_parsel": "1103-8",
        "poi_id": "134",
        "poi_adi": "Caribou Coffee",
        "kategori": "Sosyal&Kültürel",
        "alt_kategori": "Kafe & Restaurant",
        "mesafe_m": 936.2,
        "mesafe_km": 0.94,
        "sure_sn": 674.1,
        "sure_dk": 11.2
      },
      "geometry": {
        "type": "Point",
        "coordinates": [
          29.055461010000045,
          41.00227920900005
        ]
      }
    },
    {
      "type": "Feature",
      "properties": {
        "ada_parsel": "1103-8",
        "poi_id": "135",
        "poi_adi": "Inkase Acıbadem",
        "kategori": "Sosyal&Kültürel",
        "alt_kategori": "Kafe & Restaurant",
        "mesafe_m": 1215.4,
        "mesafe_km": 1.22,
        "sure_sn": 875.1,
        "sure_dk": 14.6
      },
      "geometry": {
        "type": "Point",
        "coordinates": [
          29.053455522000036,
          41.00340885000003
        ]
      }
    },
    {
      "type": "Feature",
      "properties": {
        "ada_parsel": "1103-8",
        "poi_id": "136",
        "poi_adi": "Hane Çikolata Cafe",
        "kategori": "Sosyal&Kültürel",
        "alt_kategori": "Kafe & Restaurant",
        "mesafe_m": 425.6,
        "mesafe_km": 0.43,
        "sure_sn": 306.4,
        "sure_dk": 5.1
      },
      "geometry": {
        "type": "Point",
        "coordinates": [
          29.047086355000033,
          41.006744522000076
        ]
      }
    },
    {
      "type": "Feature",
      "properties": {
        "ada_parsel": "1103-8",
        "poi_id": "137",
        "poi_adi": "Teppanda Noodle",
        "kategori": "Sosyal&Kültürel",
        "alt_kategori": "Kafe & Restaurant",
        "mesafe_m": 1086.3,
        "mesafe_km": 1.09,
        "sure_sn": 782.1,
        "sure_dk": 13
      },
      "geometry": {
        "type": "Point",
        "coordinates": [
          29.05261302200006,
          41.011691076000034
        ]
      }
    },
    {
      "type": "Feature",
      "properties": {
        "ada_parsel": "1103-8",
        "poi_id": "138",
        "poi_adi": "Köşe Cafe",
        "kategori": "Sosyal&Kültürel",
        "alt_kategori": "Kafe & Restaurant",
        "mesafe_m": 1158.7,
        "mesafe_km": 1.16,
        "sure_sn": 834.3,
        "sure_dk": 13.9
      },
      "geometry": {
        "type": "Point",
        "coordinates": [
          29.05416559400004,
          41.01275446600005
        ]
      }
    },
    {
      "type": "Feature",
      "properties": {
        "ada_parsel": "1103-8",
        "poi_id": "139",
        "poi_adi": "Elemental Gusto",
        "kategori": "Sosyal&Kültürel",
        "alt_kategori": "Kafe & Restaurant",
        "mesafe_m": 1695.8,
        "mesafe_km": 1.7,
        "sure_sn": 1221,
        "sure_dk": 20.3
      },
      "geometry": {
        "type": "Point",
        "coordinates": [
          29.057103091000045,
          41.004529096000056
        ]
      }
    },
    {
      "type": "Feature",
      "properties": {
        "ada_parsel": "1103-8",
        "poi_id": "140",
        "poi_adi": "Dükkan Burger",
        "kategori": "Sosyal&Kültürel",
        "alt_kategori": "Kafe & Restaurant",
        "mesafe_m": 1089.6,
        "mesafe_km": 1.09,
        "sure_sn": 784.5,
        "sure_dk": 13.1
      },
      "geometry": {
        "type": "Point",
        "coordinates": [
          29.052555735000055,
          41.011684614000046
        ]
      }
    },
    {
      "type": "Feature",
      "properties": {
        "ada_parsel": "1103-8",
        "poi_id": "141",
        "poi_adi": "Şampiyon Kokoreç",
        "kategori": "Sosyal&Kültürel",
        "alt_kategori": "Kafe & Restaurant",
        "mesafe_m": 1280.8,
        "mesafe_km": 1.28,
        "sure_sn": 922.2,
        "sure_dk": 15.4
      },
      "geometry": {
        "type": "Point",
        "coordinates": [
          29.054492552000056,
          41.013655708000044
        ]
      }
    },
    {
      "type": "Feature",
      "properties": {
        "ada_parsel": "1103-8",
        "poi_id": "142",
        "poi_adi": "Kahve Dünyası",
        "kategori": "Sosyal&Kültürel",
        "alt_kategori": "Kafe & Restaurant",
        "mesafe_m": 716.8,
        "mesafe_km": 0.72,
        "sure_sn": 516,
        "sure_dk": 8.6
      },
      "geometry": {
        "type": "Point",
        "coordinates": [
          29.05067737400003,
          41.00888198100006
        ]
      }
    },
    {
      "type": "Feature",
      "properties": {
        "ada_parsel": "1103-8",
        "poi_id": "143",
        "poi_adi": "Cafe Bistro 33",
        "kategori": "Sosyal&Kültürel",
        "alt_kategori": "Kafe & Restaurant",
        "mesafe_m": 765.7,
        "mesafe_km": 0.77,
        "sure_sn": 551.3,
        "sure_dk": 9.2
      },
      "geometry": {
        "type": "Point",
        "coordinates": [
          29.05439917800004,
          41.00182790700006
        ]
      }
    },
    {
      "type": "Feature",
      "properties": {
        "ada_parsel": "1103-8",
        "poi_id": "144",
        "poi_adi": "The Burger House",
        "kategori": "Sosyal&Kültürel",
        "alt_kategori": "Kafe & Restaurant",
        "mesafe_m": 860.9,
        "mesafe_km": 0.86,
        "sure_sn": 619.9,
        "sure_dk": 10.3
      },
      "geometry": {
        "type": "Point",
        "coordinates": [
          29.051724499000045,
          41.01002409800003
        ]
      }
    },
    {
      "type": "Feature",
      "properties": {
        "ada_parsel": "1103-8",
        "poi_id": "145",
        "poi_adi": "Baydöner Restoranlari ",
        "kategori": "Sosyal&Kültürel",
        "alt_kategori": "Kafe & Restaurant",
        "mesafe_m": 740.1,
        "mesafe_km": 0.74,
        "sure_sn": 532.9,
        "sure_dk": 8.9
      },
      "geometry": {
        "type": "Point",
        "coordinates": [
          29.054804782000076,
          41.00162743000004
        ]
      }
    },
    {
      "type": "Feature",
      "properties": {
        "ada_parsel": "1103-8",
        "poi_id": "146",
        "poi_adi": "Cinnabon",
        "kategori": "Sosyal&Kültürel",
        "alt_kategori": "Kafe & Restaurant",
        "mesafe_m": 703.9,
        "mesafe_km": 0.7,
        "sure_sn": 506.8,
        "sure_dk": 8.4
      },
      "geometry": {
        "type": "Point",
        "coordinates": [
          29.054389357000048,
          41.00250839800003
        ]
      }
    },
    {
      "type": "Feature",
      "properties": {
        "ada_parsel": "1103-8",
        "poi_id": "147",
        "poi_adi": "Acıbadem Mevlana",
        "kategori": "Sosyal&Kültürel",
        "alt_kategori": "Kafe & Restaurant",
        "mesafe_m": 1131.4,
        "mesafe_km": 1.13,
        "sure_sn": 814.6,
        "sure_dk": 13.6
      },
      "geometry": {
        "type": "Point",
        "coordinates": [
          29.05377929800005,
          41.01244002800007
        ]
      }
    },
    {
      "type": "Feature",
      "properties": {
        "ada_parsel": "1103-8",
        "poi_id": "148",
        "poi_adi": "Taşyapi İnşaat  Ve",
        "kategori": "Sosyal&Kültürel",
        "alt_kategori": "Kafe & Restaurant",
        "mesafe_m": 1606.7,
        "mesafe_km": 1.61,
        "sure_sn": 1156.8,
        "sure_dk": 19.3
      },
      "geometry": {
        "type": "Point",
        "coordinates": [
          29.057399330000067,
          41.00511958300007
        ]
      }
    },
    {
      "type": "Feature",
      "properties": {
        "ada_parsel": "1103-8",
        "poi_id": "149",
        "poi_adi": "Uykun Gıda ",
        "kategori": "Sosyal&Kültürel",
        "alt_kategori": "Kafe & Restaurant",
        "mesafe_m": 787.9,
        "mesafe_km": 0.79,
        "sure_sn": 567.3,
        "sure_dk": 9.5
      },
      "geometry": {
        "type": "Point",
        "coordinates": [
          29.05021207200008,
          41.00918944600005
        ]
      }
    },
    {
      "type": "Feature",
      "properties": {
        "ada_parsel": "1103-8",
        "poi_id": "150",
        "poi_adi": "Günaydın",
        "kategori": "Sosyal&Kültürel",
        "alt_kategori": "Kafe & Restaurant",
        "mesafe_m": 736.7,
        "mesafe_km": 0.74,
        "sure_sn": 530.4,
        "sure_dk": 8.8
      },
      "geometry": {
        "type": "Point",
        "coordinates": [
          29.05441632800006,
          41.00099888500006
        ]
      }
    },
    {
      "type": "Feature",
      "properties": {
        "ada_parsel": "1103-8",
        "poi_id": "151",
        "poi_adi": "Bereket Döner",
        "kategori": "Sosyal&Kültürel",
        "alt_kategori": "Kafe & Restaurant",
        "mesafe_m": 211.9,
        "mesafe_km": 0.21,
        "sure_sn": 152.6,
        "sure_dk": 2.5
      },
      "geometry": {
        "type": "Point",
        "coordinates": [
          29.049806225000054,
          41.002507378000075
        ]
      }
    },
    {
      "type": "Feature",
      "properties": {
        "ada_parsel": "1103-8",
        "poi_id": "152",
        "poi_adi": "Kfc",
        "kategori": "Sosyal&Kültürel",
        "alt_kategori": "Kafe & Restaurant",
        "mesafe_m": 829.2,
        "mesafe_km": 0.83,
        "sure_sn": 597,
        "sure_dk": 10
      },
      "geometry": {
        "type": "Point",
        "coordinates": [
          29.055441307000024,
          41.001310043000046
        ]
      }
    },
    {
      "type": "Feature",
      "properties": {
        "ada_parsel": "1103-8",
        "poi_id": "153",
        "poi_adi": "Görkem Et Acıbadem",
        "kategori": "Sosyal&Kültürel",
        "alt_kategori": "Kafe & Restaurant",
        "mesafe_m": 123.5,
        "mesafe_km": 0.12,
        "sure_sn": 88.9,
        "sure_dk": 1.5
      },
      "geometry": {
        "type": "Point",
        "coordinates": [
          29.049652406000064,
          41.003414097000075
        ]
      }
    },
    {
      "type": "Feature",
      "properties": {
        "ada_parsel": "1103-8",
        "poi_id": "154",
        "poi_adi": "Natura Hamur Ürünleri ve Ev Yemekleri",
        "kategori": "Sosyal&Kültürel",
        "alt_kategori": "Kafe & Restaurant",
        "mesafe_m": 1251,
        "mesafe_km": 1.25,
        "sure_sn": 900.7,
        "sure_dk": 15
      },
      "geometry": {
        "type": "Point",
        "coordinates": [
          29.05317535900008,
          41.013646606000066
        ]
      }
    },
    {
      "type": "Feature",
      "properties": {
        "ada_parsel": "1103-8",
        "poi_id": "155",
        "poi_adi": "Ayzek Kahvaltı Kafe",
        "kategori": "Sosyal&Kültürel",
        "alt_kategori": "Kafe & Restaurant",
        "mesafe_m": 1095,
        "mesafe_km": 1.1,
        "sure_sn": 788.4,
        "sure_dk": 13.1
      },
      "geometry": {
        "type": "Point",
        "coordinates": [
          29.052947757000027,
          41.01224358200005
        ]
      }
    },
    {
      "type": "Feature",
      "properties": {
        "ada_parsel": "1103-8",
        "poi_id": "156",
        "poi_adi": "Bodrum Mantı",
        "kategori": "Sosyal&Kültürel",
        "alt_kategori": "Kafe & Restaurant",
        "mesafe_m": 777.2,
        "mesafe_km": 0.78,
        "sure_sn": 559.6,
        "sure_dk": 9.3
      },
      "geometry": {
        "type": "Point",
        "coordinates": [
          29.055022880000024,
          41.00090991800005
        ]
      }
    },
    {
      "type": "Feature",
      "properties": {
        "ada_parsel": "1103-8",
        "poi_id": "157",
        "poi_adi": "Elbet Steak House",
        "kategori": "Sosyal&Kültürel",
        "alt_kategori": "Kafe & Restaurant",
        "mesafe_m": 707.2,
        "mesafe_km": 0.71,
        "sure_sn": 509.2,
        "sure_dk": 8.5
      },
      "geometry": {
        "type": "Point",
        "coordinates": [
          29.05430932300004,
          41.00240666000008
        ]
      }
    },
    {
      "type": "Feature",
      "properties": {
        "ada_parsel": "1103-8",
        "poi_id": "158",
        "poi_adi": "Cinnabon",
        "kategori": "Sosyal&Kültürel",
        "alt_kategori": "Kafe & Restaurant",
        "mesafe_m": 900.6,
        "mesafe_km": 0.9,
        "sure_sn": 648.4,
        "sure_dk": 10.8
      },
      "geometry": {
        "type": "Point",
        "coordinates": [
          29.05547230600007,
          41.00196778600008
        ]
      }
    },
    {
      "type": "Feature",
      "properties": {
        "ada_parsel": "1103-8",
        "poi_id": "159",
        "poi_adi": "Burger X",
        "kategori": "Sosyal&Kültürel",
        "alt_kategori": "Kafe & Restaurant",
        "mesafe_m": 1140.6,
        "mesafe_km": 1.14,
        "sure_sn": 821.2,
        "sure_dk": 13.7
      },
      "geometry": {
        "type": "Point",
        "coordinates": [
          29.054333029000077,
          41.01265239600008
        ]
      }
    },
    {
      "type": "Feature",
      "properties": {
        "ada_parsel": "1103-8",
        "poi_id": "160",
        "poi_adi": "Divan Turizm Işletmeleri ",
        "kategori": "Sosyal&Kültürel",
        "alt_kategori": "Kafe & Restaurant",
        "mesafe_m": 740.1,
        "mesafe_km": 0.74,
        "sure_sn": 532.9,
        "sure_dk": 8.9
      },
      "geometry": {
        "type": "Point",
        "coordinates": [
          29.054804782000076,
          41.00162743000004
        ]
      }
    },
    {
      "type": "Feature",
      "properties": {
        "ada_parsel": "1103-8",
        "poi_id": "161",
        "poi_adi": "Dream Restoran",
        "kategori": "Sosyal&Kültürel",
        "alt_kategori": "Kafe & Restaurant",
        "mesafe_m": 867.1,
        "mesafe_km": 0.87,
        "sure_sn": 624.3,
        "sure_dk": 10.4
      },
      "geometry": {
        "type": "Point",
        "coordinates": [
          29.052032626000027,
          41.010286353000026
        ]
      }
    },
    {
      "type": "Feature",
      "properties": {
        "ada_parsel": "1103-8",
        "poi_id": "162",
        "poi_adi": "Plant Coffee",
        "kategori": "Sosyal&Kültürel",
        "alt_kategori": "Kafe & Restaurant",
        "mesafe_m": 754.2,
        "mesafe_km": 0.75,
        "sure_sn": 543,
        "sure_dk": 9.1
      },
      "geometry": {
        "type": "Point",
        "coordinates": [
          29.050922436000064,
          41.00916425300005
        ]
      }
    },
    {
      "type": "Feature",
      "properties": {
        "ada_parsel": "1103-8",
        "poi_id": "163",
        "poi_adi": "Panista Kafe",
        "kategori": "Sosyal&Kültürel",
        "alt_kategori": "Kafe & Restaurant",
        "mesafe_m": 483.8,
        "mesafe_km": 0.48,
        "sure_sn": 348.3,
        "sure_dk": 5.8
      },
      "geometry": {
        "type": "Point",
        "coordinates": [
          29.047650974000078,
          41.006998347000035
        ]
      }
    },
    {
      "type": "Feature",
      "properties": {
        "ada_parsel": "1103-8",
        "poi_id": "164",
        "poi_adi": "Tab Gıda Sanayi ",
        "kategori": "Sosyal&Kültürel",
        "alt_kategori": "Kafe & Restaurant",
        "mesafe_m": 740.1,
        "mesafe_km": 0.74,
        "sure_sn": 532.9,
        "sure_dk": 8.9
      },
      "geometry": {
        "type": "Point",
        "coordinates": [
          29.054804782000076,
          41.00162743000004
        ]
      }
    },
    {
      "type": "Feature",
      "properties": {
        "ada_parsel": "1103-8",
        "poi_id": "165",
        "poi_adi": "Pidem",
        "kategori": "Sosyal&Kültürel",
        "alt_kategori": "Kafe & Restaurant",
        "mesafe_m": 740.1,
        "mesafe_km": 0.74,
        "sure_sn": 532.9,
        "sure_dk": 8.9
      },
      "geometry": {
        "type": "Point",
        "coordinates": [
          29.05456246700004,
          41.00110124300005
        ]
      }
    },
    {
      "type": "Feature",
      "properties": {
        "ada_parsel": "1103-8",
        "poi_id": "166",
        "poi_adi": "Tales Gıda Pazarlama Ve Diş ",
        "kategori": "Sosyal&Kültürel",
        "alt_kategori": "Kafe & Restaurant",
        "mesafe_m": 787.9,
        "mesafe_km": 0.79,
        "sure_sn": 567.3,
        "sure_dk": 9.5
      },
      "geometry": {
        "type": "Point",
        "coordinates": [
          29.05021207200008,
          41.00918944600005
        ]
      }
    },
    {
      "type": "Feature",
      "properties": {
        "ada_parsel": "1103-8",
        "poi_id": "167",
        "poi_adi": "Köfteci Ramiz",
        "kategori": "Sosyal&Kültürel",
        "alt_kategori": "Kafe & Restaurant",
        "mesafe_m": 860.6,
        "mesafe_km": 0.86,
        "sure_sn": 619.6,
        "sure_dk": 10.3
      },
      "geometry": {
        "type": "Point",
        "coordinates": [
          29.05127938800007,
          41.010121526000034
        ]
      }
    },
    {
      "type": "Feature",
      "properties": {
        "ada_parsel": "1103-8",
        "poi_id": "168",
        "poi_adi": "Emirgan Sütiş",
        "kategori": "Sosyal&Kültürel",
        "alt_kategori": "Kafe & Restaurant",
        "mesafe_m": 763.8,
        "mesafe_km": 0.76,
        "sure_sn": 550,
        "sure_dk": 9.2
      },
      "geometry": {
        "type": "Point",
        "coordinates": [
          29.054246226000032,
          41.001879048000035
        ]
      }
    },
    {
      "type": "Feature",
      "properties": {
        "ada_parsel": "1103-8",
        "poi_id": "169",
        "poi_adi": "Agalar Dondurma Cafe",
        "kategori": "Sosyal&Kültürel",
        "alt_kategori": "Kafe & Restaurant",
        "mesafe_m": 475.2,
        "mesafe_km": 0.48,
        "sure_sn": 342.1,
        "sure_dk": 5.7
      },
      "geometry": {
        "type": "Point",
        "coordinates": [
          29.047164079000027,
          41.00680863200006
        ]
      }
    },
    {
      "type": "Feature",
      "properties": {
        "ada_parsel": "1103-8",
        "poi_id": "170",
        "poi_adi": "Happy Moon'S",
        "kategori": "Sosyal&Kültürel",
        "alt_kategori": "Kafe & Restaurant",
        "mesafe_m": 897.7,
        "mesafe_km": 0.9,
        "sure_sn": 646.3,
        "sure_dk": 10.8
      },
      "geometry": {
        "type": "Point",
        "coordinates": [
          29.05531916600006,
          41.001971387000026
        ]
      }
    },
    {
      "type": "Feature",
      "properties": {
        "ada_parsel": "1103-8",
        "poi_id": "171",
        "poi_adi": "Midpoint",
        "kategori": "Sosyal&Kültürel",
        "alt_kategori": "Kafe & Restaurant",
        "mesafe_m": 895.1,
        "mesafe_km": 0.9,
        "sure_sn": 644.5,
        "sure_dk": 10.7
      },
      "geometry": {
        "type": "Point",
        "coordinates": [
          29.05516092700003,
          41.00197871100005
        ]
      }
    },
    {
      "type": "Feature",
      "properties": {
        "ada_parsel": "1103-8",
        "poi_id": "172",
        "poi_adi": "Neviş Ev Yemekleri",
        "kategori": "Sosyal&Kültürel",
        "alt_kategori": "Kafe & Restaurant",
        "mesafe_m": 509.7,
        "mesafe_km": 0.51,
        "sure_sn": 367,
        "sure_dk": 6.1
      },
      "geometry": {
        "type": "Point",
        "coordinates": [
          29.046690260000048,
          41.007440882000026
        ]
      }
    },
    {
      "type": "Feature",
      "properties": {
        "ada_parsel": "1103-8",
        "poi_id": "173",
        "poi_adi": "Yaprak Pasta Unlu Mamulleri",
        "kategori": "Sosyal&Kültürel",
        "alt_kategori": "Kafe & Restaurant",
        "mesafe_m": 1076.7,
        "mesafe_km": 1.08,
        "sure_sn": 775.2,
        "sure_dk": 12.9
      },
      "geometry": {
        "type": "Point",
        "coordinates": [
          29.052890201000025,
          41.01208230900005
        ]
      }
    },
    {
      "type": "Feature",
      "properties": {
        "ada_parsel": "1103-8",
        "poi_id": "174",
        "poi_adi": "Havuz Cafe",
        "kategori": "Sosyal&Kültürel",
        "alt_kategori": "Kafe & Restaurant",
        "mesafe_m": 1297.8,
        "mesafe_km": 1.3,
        "sure_sn": 934.4,
        "sure_dk": 15.6
      },
      "geometry": {
        "type": "Point",
        "coordinates": [
          29.057628789000034,
          41.004226783000036
        ]
      }
    },
    {
      "type": "Feature",
      "properties": {
        "ada_parsel": "1103-8",
        "poi_id": "175",
        "poi_adi": "Mazaka Mantı",
        "kategori": "Sosyal&Kültürel",
        "alt_kategori": "Kafe & Restaurant",
        "mesafe_m": 991.6,
        "mesafe_km": 0.99,
        "sure_sn": 714,
        "sure_dk": 11.9
      },
      "geometry": {
        "type": "Point",
        "coordinates": [
          29.052204153000048,
          41.01135772500004
        ]
      }
    },
    {
      "type": "Feature",
      "properties": {
        "ada_parsel": "1103-8",
        "poi_id": "176",
        "poi_adi": "Green Salad'S",
        "kategori": "Sosyal&Kültürel",
        "alt_kategori": "Kafe & Restaurant",
        "mesafe_m": 902.4,
        "mesafe_km": 0.9,
        "sure_sn": 649.7,
        "sure_dk": 10.8
      },
      "geometry": {
        "type": "Point",
        "coordinates": [
          29.05558387700006,
          41.00196192100003
        ]
      }
    },
    {
      "type": "Feature",
      "properties": {
        "ada_parsel": "1103-8",
        "poi_id": "177",
        "poi_adi": "Gia Restaurant",
        "kategori": "Sosyal&Kültürel",
        "alt_kategori": "Kafe & Restaurant",
        "mesafe_m": 1055,
        "mesafe_km": 1.05,
        "sure_sn": 759.6,
        "sure_dk": 12.7
      },
      "geometry": {
        "type": "Point",
        "coordinates": [
          29.041798503000052,
          41.01038057200003
        ]
      }
    },
    {
      "type": "Feature",
      "properties": {
        "ada_parsel": "1103-8",
        "poi_id": "178",
        "poi_adi": "Doyuyo",
        "kategori": "Sosyal&Kültürel",
        "alt_kategori": "Kafe & Restaurant",
        "mesafe_m": 712.6,
        "mesafe_km": 0.71,
        "sure_sn": 513,
        "sure_dk": 8.6
      },
      "geometry": {
        "type": "Point",
        "coordinates": [
          29.05503563600007,
          41.00070792300005
        ]
      }
    },
    {
      "type": "Feature",
      "properties": {
        "ada_parsel": "1103-8",
        "poi_id": "179",
        "poi_adi": "Yakamoz Akçaabat Köfte",
        "kategori": "Sosyal&Kültürel",
        "alt_kategori": "Kafe & Restaurant",
        "mesafe_m": 565.2,
        "mesafe_km": 0.57,
        "sure_sn": 407,
        "sure_dk": 6.8
      },
      "geometry": {
        "type": "Point",
        "coordinates": [
          29.053237919000026,
          41.00832215200006
        ]
      }
    },
    {
      "type": "Feature",
      "properties": {
        "ada_parsel": "1103-8",
        "poi_id": "180",
        "poi_adi": "Bülent Börekçilik",
        "kategori": "Sosyal&Kültürel",
        "alt_kategori": "Kafe & Restaurant",
        "mesafe_m": 793.8,
        "mesafe_km": 0.79,
        "sure_sn": 571.5,
        "sure_dk": 9.5
      },
      "geometry": {
        "type": "Point",
        "coordinates": [
          29.050150255000062,
          41.00921658100003
        ]
      }
    },
    {
      "type": "Feature",
      "properties": {
        "ada_parsel": "1103-8",
        "poi_id": "181",
        "poi_adi": "Beltur Uzun Çayır Metrobüs Büfe",
        "kategori": "Sosyal&Kültürel",
        "alt_kategori": "Kafe & Restaurant",
        "mesafe_m": 914.9,
        "mesafe_km": 0.91,
        "sure_sn": 658.7,
        "sure_dk": 11
      },
      "geometry": {
        "type": "Point",
        "coordinates": [
          29.05646452600007,
          40.99917053300004
        ]
      }
    },
    {
      "type": "Feature",
      "properties": {
        "ada_parsel": "1103-8",
        "poi_id": "182",
        "poi_adi": "Bay Döner",
        "kategori": "Sosyal&Kültürel",
        "alt_kategori": "Kafe & Restaurant",
        "mesafe_m": 810.1,
        "mesafe_km": 0.81,
        "sure_sn": 583.3,
        "sure_dk": 9.7
      },
      "geometry": {
        "type": "Point",
        "coordinates": [
          29.054701071000068,
          41.00207787800008
        ]
      }
    },
    {
      "type": "Feature",
      "properties": {
        "ada_parsel": "1103-8",
        "poi_id": "183",
        "poi_adi": "Beritan Market",
        "kategori": "Sosyal&Kültürel",
        "alt_kategori": "Kafe & Restaurant",
        "mesafe_m": 1061.3,
        "mesafe_km": 1.06,
        "sure_sn": 764.1,
        "sure_dk": 12.7
      },
      "geometry": {
        "type": "Point",
        "coordinates": [
          29.053258846000062,
          41.011946446000024
        ]
      }
    },
    {
      "type": "Feature",
      "properties": {
        "ada_parsel": "1103-8",
        "poi_id": "184",
        "poi_adi": "Divan Brasserie",
        "kategori": "Sosyal&Kültürel",
        "alt_kategori": "Kafe & Restaurant",
        "mesafe_m": 764.6,
        "mesafe_km": 0.76,
        "sure_sn": 550.5,
        "sure_dk": 9.2
      },
      "geometry": {
        "type": "Point",
        "coordinates": [
          29.054709460000026,
          41.00176948400008
        ]
      }
    },
    {
      "type": "Feature",
      "properties": {
        "ada_parsel": "1103-8",
        "poi_id": "185",
        "poi_adi": "Domino'S Pizza",
        "kategori": "Sosyal&Kültürel",
        "alt_kategori": "Kafe & Restaurant",
        "mesafe_m": 1273.1,
        "mesafe_km": 1.27,
        "sure_sn": 916.6,
        "sure_dk": 15.3
      },
      "geometry": {
        "type": "Point",
        "coordinates": [
          29.05428547500003,
          41.013346381000076
        ]
      }
    },
    {
      "type": "Feature",
      "properties": {
        "ada_parsel": "1103-8",
        "poi_id": "186",
        "poi_adi": "Tuğbiş Mantı Evi",
        "kategori": "Sosyal&Kültürel",
        "alt_kategori": "Kafe & Restaurant",
        "mesafe_m": 414.6,
        "mesafe_km": 0.41,
        "sure_sn": 298.5,
        "sure_dk": 5
      },
      "geometry": {
        "type": "Point",
        "coordinates": [
          29.046836763000044,
          41.00669795600004
        ]
      }
    },
    {
      "type": "Feature",
      "properties": {
        "ada_parsel": "1103-8",
        "poi_id": "187",
        "poi_adi": "Balon Evi",
        "kategori": "Sosyal&Kültürel",
        "alt_kategori": "Kültür Merkezi",
        "mesafe_m": 740.1,
        "mesafe_km": 0.74,
        "sure_sn": 532.9,
        "sure_dk": 8.9
      },
      "geometry": {
        "type": "Point",
        "coordinates": [
          29.054715009000063,
          41.001102495000055
        ]
      }
    },
    {
      "type": "Feature",
      "properties": {
        "ada_parsel": "1103-8",
        "poi_id": "188",
        "poi_adi": "Overgame",
        "kategori": "Sosyal&Kültürel",
        "alt_kategori": "Kültür Merkezi",
        "mesafe_m": 949.1,
        "mesafe_km": 0.95,
        "sure_sn": 683.4,
        "sure_dk": 11.4
      },
      "geometry": {
        "type": "Point",
        "coordinates": [
          29.055579760000057,
          41.00237834300003
        ]
      }
    },
    {
      "type": "Feature",
      "properties": {
        "ada_parsel": "1103-8",
        "poi_id": "189",
        "poi_adi": "Lavi Sanat Merkezi",
        "kategori": "Sosyal&Kültürel",
        "alt_kategori": "Kültür Merkezi",
        "mesafe_m": 229.4,
        "mesafe_km": 0.23,
        "sure_sn": 165.2,
        "sure_dk": 2.8
      },
      "geometry": {
        "type": "Point",
        "coordinates": [
          29.048530079000045,
          41.00298708400004
        ]
      }
    },
    {
      "type": "Feature",
      "properties": {
        "ada_parsel": "1103-8",
        "poi_id": "190",
        "poi_adi": "Playland",
        "kategori": "Sosyal&Kültürel",
        "alt_kategori": "Kültür Merkezi",
        "mesafe_m": 778.5,
        "mesafe_km": 0.78,
        "sure_sn": 560.5,
        "sure_dk": 9.3
      },
      "geometry": {
        "type": "Point",
        "coordinates": [
          29.054105065000044,
          41.001772826000035
        ]
      }
    },
    {
      "type": "Feature",
      "properties": {
        "ada_parsel": "1103-8",
        "poi_id": "191",
        "poi_adi": "Faik Bey Şadiye Şakir 70. Yıl Kütüphanesi",
        "kategori": "Sosyal&Kültürel",
        "alt_kategori": "Kültür Merkezi",
        "mesafe_m": 901.6,
        "mesafe_km": 0.9,
        "sure_sn": 649.2,
        "sure_dk": 10.8
      },
      "geometry": {
        "type": "Point",
        "coordinates": [
          29.046136568000065,
          41.00993610800003
        ]
      }
    },
    {
      "type": "Feature",
      "properties": {
        "ada_parsel": "1103-8",
        "poi_id": "192",
        "poi_adi": "Welldone",
        "kategori": "Sosyal&Kültürel",
        "alt_kategori": "Kültür Merkezi",
        "mesafe_m": 712.6,
        "mesafe_km": 0.71,
        "sure_sn": 513,
        "sure_dk": 8.6
      },
      "geometry": {
        "type": "Point",
        "coordinates": [
          29.054840324000054,
          41.00063282200006
        ]
      }
    },
    {
      "type": "Feature",
      "properties": {
        "ada_parsel": "1103-8",
        "poi_id": "193",
        "poi_adi": "Retro Lunapark",
        "kategori": "Sosyal&Kültürel",
        "alt_kategori": "Kültür Merkezi",
        "mesafe_m": 725.1,
        "mesafe_km": 0.73,
        "sure_sn": 522.1,
        "sure_dk": 8.7
      },
      "geometry": {
        "type": "Point",
        "coordinates": [
          29.054467765000027,
          41.00262793500008
        ]
      }
    },
    {
      "type": "Feature",
      "properties": {
        "ada_parsel": "1103-8",
        "poi_id": "194",
        "poi_adi": "Welldone",
        "kategori": "Sosyal&Kültürel",
        "alt_kategori": "Kültür Merkezi",
        "mesafe_m": 860.4,
        "mesafe_km": 0.86,
        "sure_sn": 619.5,
        "sure_dk": 10.3
      },
      "geometry": {
        "type": "Point",
        "coordinates": [
          29.055547743000034,
          41.001578549000044
        ]
      }
    },
    {
      "type": "Feature",
      "properties": {
        "ada_parsel": "1103-8",
        "poi_id": "195",
        "poi_adi": "Cinemaximum",
        "kategori": "Sosyal&Kültürel",
        "alt_kategori": "Tiyatro & Sinema",
        "mesafe_m": 810.1,
        "mesafe_km": 0.81,
        "sure_sn": 583.3,
        "sure_dk": 9.7
      },
      "geometry": {
        "type": "Point",
        "coordinates": [
          29.05530567900007,
          41.00247303500004
        ]
      }
    },
    {
      "type": "Feature",
      "properties": {
        "ada_parsel": "1103-8",
        "poi_id": "196",
        "poi_adi": "Akasya Kültür Sanat",
        "kategori": "Sosyal&Kültürel",
        "alt_kategori": "Tiyatro & Sinema",
        "mesafe_m": 810.1,
        "mesafe_km": 0.81,
        "sure_sn": 583.3,
        "sure_dk": 9.7
      },
      "geometry": {
        "type": "Point",
        "coordinates": [
          29.054954529000042,
          41.00223541300005
        ]
      }
    },
    {
      "type": "Feature",
      "properties": {
        "ada_parsel": "1103-8",
        "poi_id": "197",
        "poi_adi": "THINK House Stage",
        "kategori": "Sosyal&Kültürel",
        "alt_kategori": "Tiyatro & Sinema",
        "mesafe_m": 1278.8,
        "mesafe_km": 1.28,
        "sure_sn": 920.7,
        "sure_dk": 15.3
      },
      "geometry": {
        "type": "Point",
        "coordinates": [
          29.054960251000068,
          41.01351165800003
        ]
      }
    },
    {
      "type": "Feature",
      "properties": {
        "ada_parsel": "1103-8",
        "poi_id": "198",
        "poi_adi": "Nadire Ahmet Uzun Aile Sağlığı Merkezi",
        "kategori": "Sağlık",
        "alt_kategori": "Aile Sağlık Merkezi",
        "mesafe_m": 921.6,
        "mesafe_km": 0.92,
        "sure_sn": 663.5,
        "sure_dk": 11.1
      },
      "geometry": {
        "type": "Point",
        "coordinates": [
          29.049140608000073,
          41.01005757400003
        ]
      }
    },
    {
      "type": "Feature",
      "properties": {
        "ada_parsel": "1103-8",
        "poi_id": "199",
        "poi_adi": "Özel Moodist Hastanesi",
        "kategori": "Sağlık",
        "alt_kategori": "Hastane",
        "mesafe_m": 711.4,
        "mesafe_km": 0.71,
        "sure_sn": 512.2,
        "sure_dk": 8.5
      },
      "geometry": {
        "type": "Point",
        "coordinates": [
          29.053246604000037,
          41.00217554900007
        ]
      }
    },
    {
      "type": "Feature",
      "properties": {
        "ada_parsel": "1103-8",
        "poi_id": "200",
        "poi_adi": "Okyanus Yaşlı Bakımevi",
        "kategori": "Sağlık",
        "alt_kategori": "Tıp Merkezi&Poliklinik",
        "mesafe_m": 1148.9,
        "mesafe_km": 1.15,
        "sure_sn": 827.2,
        "sure_dk": 13.8
      },
      "geometry": {
        "type": "Point",
        "coordinates": [
          29.053266122000025,
          41.01271792700004
        ]
      }
    },
    {
      "type": "Feature",
      "properties": {
        "ada_parsel": "1103-8",
        "poi_id": "201",
        "poi_adi": "Özel Cindy 1 Polikliniği",
        "kategori": "Sağlık",
        "alt_kategori": "Tıp Merkezi&Poliklinik",
        "mesafe_m": 1161.3,
        "mesafe_km": 1.16,
        "sure_sn": 836.1,
        "sure_dk": 13.9
      },
      "geometry": {
        "type": "Point",
        "coordinates": [
          29.05346902100007,
          41.012622531000034
        ]
      }
    },
    {
      "type": "Feature",
      "properties": {
        "ada_parsel": "1103-8",
        "poi_id": "202",
        "poi_adi": "Dedem Eczanesi",
        "kategori": "Sağlık",
        "alt_kategori": "Eczane",
        "mesafe_m": 850.7,
        "mesafe_km": 0.85,
        "sure_sn": 612.5,
        "sure_dk": 10.2
      },
      "geometry": {
        "type": "Point",
        "coordinates": [
          29.051180500000044,
          41.01001190000005
        ]
      }
    },
    {
      "type": "Feature",
      "properties": {
        "ada_parsel": "1103-8",
        "poi_id": "203",
        "poi_adi": "Ogün Eczanesi",
        "kategori": "Sağlık",
        "alt_kategori": "Eczane",
        "mesafe_m": 1269.3,
        "mesafe_km": 1.27,
        "sure_sn": 913.9,
        "sure_dk": 15.2
      },
      "geometry": {
        "type": "Point",
        "coordinates": [
          29.054944,
          41.013415
        ]
      }
    },
    {
      "type": "Feature",
      "properties": {
        "ada_parsel": "1103-8",
        "poi_id": "204",
        "poi_adi": "Önder Eczanesi",
        "kategori": "Sağlık",
        "alt_kategori": "Eczane",
        "mesafe_m": 488.7,
        "mesafe_km": 0.49,
        "sure_sn": 351.9,
        "sure_dk": 5.9
      },
      "geometry": {
        "type": "Point",
        "coordinates": [
          29.047693,
          41.007032
        ]
      }
    },
    {
      "type": "Feature",
      "properties": {
        "ada_parsel": "1103-8",
        "poi_id": "205",
        "poi_adi": "Sevilay Eczanesi",
        "kategori": "Sağlık",
        "alt_kategori": "Eczane",
        "mesafe_m": 777.4,
        "mesafe_km": 0.78,
        "sure_sn": 559.7,
        "sure_dk": 9.3
      },
      "geometry": {
        "type": "Point",
        "coordinates": [
          29.050359300000025,
          41.009177100000045
        ]
      }
    },
    {
      "type": "Feature",
      "properties": {
        "ada_parsel": "1103-8",
        "poi_id": "206",
        "poi_adi": "Acıbadem Çınar Eczanesi",
        "kategori": "Sağlık",
        "alt_kategori": "Eczane",
        "mesafe_m": 1106.7,
        "mesafe_km": 1.11,
        "sure_sn": 796.8,
        "sure_dk": 13.3
      },
      "geometry": {
        "type": "Point",
        "coordinates": [
          29.052479300000073,
          41.01153750000003
        ]
      }
    },
    {
      "type": "Feature",
      "properties": {
        "ada_parsel": "1103-8",
        "poi_id": "207",
        "poi_adi": "Acıbadem Demet Eczanesi",
        "kategori": "Sağlık",
        "alt_kategori": "Eczane",
        "mesafe_m": 1271.6,
        "mesafe_km": 1.27,
        "sure_sn": 915.5,
        "sure_dk": 15.3
      },
      "geometry": {
        "type": "Point",
        "coordinates": [
          29.054388500000073,
          41.01352220000007
        ]
      }
    },
    {
      "type": "Feature",
      "properties": {
        "ada_parsel": "1103-8",
        "poi_id": "208",
        "poi_adi": "Acıbadem Selma Eczanesi",
        "kategori": "Sağlık",
        "alt_kategori": "Eczane",
        "mesafe_m": 313.7,
        "mesafe_km": 0.31,
        "sure_sn": 225.9,
        "sure_dk": 3.8
      },
      "geometry": {
        "type": "Point",
        "coordinates": [
          29.05141750000007,
          41.00650370000005
        ]
      }
    },
    {
      "type": "Feature",
      "properties": {
        "ada_parsel": "1103-8",
        "poi_id": "209",
        "poi_adi": "Akasya Eczanesi",
        "kategori": "Sağlık",
        "alt_kategori": "Eczane",
        "mesafe_m": 770.6,
        "mesafe_km": 0.77,
        "sure_sn": 554.8,
        "sure_dk": 9.2
      },
      "geometry": {
        "type": "Point",
        "coordinates": [
          29.055214500000034,
          41.000809600000025
        ]
      }
    },
    {
      "type": "Feature",
      "properties": {
        "ada_parsel": "1103-8",
        "poi_id": "210",
        "poi_adi": "Ayşenur Eczanesi",
        "kategori": "Sağlık",
        "alt_kategori": "Eczane",
        "mesafe_m": 1236.5,
        "mesafe_km": 1.24,
        "sure_sn": 890.3,
        "sure_dk": 14.8
      },
      "geometry": {
        "type": "Point",
        "coordinates": [
          29.05463990000004,
          41.013216800000066
        ]
      }
    },
    {
      "type": "Feature",
      "properties": {
        "ada_parsel": "1103-8",
        "poi_id": "211",
        "poi_adi": "Nursena Eczanesi",
        "kategori": "Sağlık",
        "alt_kategori": "Eczane",
        "mesafe_m": 804,
        "mesafe_km": 0.8,
        "sure_sn": 578.9,
        "sure_dk": 9.6
      },
      "geometry": {
        "type": "Point",
        "coordinates": [
          29.050101600000062,
          41.00931740000004
        ]
      }
    },
    {
      "type": "Feature",
      "properties": {
        "ada_parsel": "1103-8",
        "poi_id": "212",
        "poi_adi": "Oya Eczanesi",
        "kategori": "Sağlık",
        "alt_kategori": "Eczane",
        "mesafe_m": 953.8,
        "mesafe_km": 0.95,
        "sure_sn": 686.7,
        "sure_dk": 11.4
      },
      "geometry": {
        "type": "Point",
        "coordinates": [
          29.05175420000006,
          41.01082820000005
        ]
      }
    },
    {
      "type": "Feature",
      "properties": {
        "ada_parsel": "1103-8",
        "poi_id": "213",
        "poi_adi": "Hasan Tan İlkokulu",
        "kategori": "Eğitim",
        "alt_kategori": "İlkokul",
        "mesafe_m": 615.8,
        "mesafe_km": 0.62,
        "sure_sn": 443.3,
        "sure_dk": 7.4
      },
      "geometry": {
        "type": "Point",
        "coordinates": [
          29.052894782000067,
          41.00877246400006
        ]
      }
    },
    {
      "type": "Feature",
      "properties": {
        "ada_parsel": "1103-8",
        "poi_id": "214",
        "poi_adi": "Mihriban Suat Bedük İlkokulu",
        "kategori": "Eğitim",
        "alt_kategori": "İlkokul",
        "mesafe_m": 115.1,
        "mesafe_km": 0.12,
        "sure_sn": 82.9,
        "sure_dk": 1.4
      },
      "geometry": {
        "type": "Point",
        "coordinates": [
          29.049965273000055,
          41.00312154200003
        ]
      }
    },
    {
      "type": "Feature",
      "properties": {
        "ada_parsel": "1103-8",
        "poi_id": "215",
        "poi_adi": "ÖZEL ACIBADEM İLKOKULU",
        "kategori": "Eğitim",
        "alt_kategori": "İlkokul",
        "mesafe_m": 229,
        "mesafe_km": 0.23,
        "sure_sn": 164.9,
        "sure_dk": 2.7
      },
      "geometry": {
        "type": "Point",
        "coordinates": [
          29.05171696900004,
          41.00372770300004
        ]
      }
    },
    {
      "type": "Feature",
      "properties": {
        "ada_parsel": "1103-8",
        "poi_id": "216",
        "poi_adi": "ÖZEL ACIBADEM Ortaokulu",
        "kategori": "Eğitim",
        "alt_kategori": "Ortaokul",
        "mesafe_m": 1022.3,
        "mesafe_km": 1.02,
        "sure_sn": 736,
        "sure_dk": 12.3
      },
      "geometry": {
        "type": "Point",
        "coordinates": [
          29.05210254800005,
          41.00340619700006
        ]
      }
    },
    {
      "type": "Feature",
      "properties": {
        "ada_parsel": "1103-8",
        "poi_id": "217",
        "poi_adi": "Özel Bilfen Koşuyolu İlkokulu",
        "kategori": "Eğitim",
        "alt_kategori": "İlkokul",
        "mesafe_m": 953.7,
        "mesafe_km": 0.95,
        "sure_sn": 686.6,
        "sure_dk": 11.4
      },
      "geometry": {
        "type": "Point",
        "coordinates": [
          29.04509899100003,
          41.00994635600006
        ]
      }
    },
    {
      "type": "Feature",
      "properties": {
        "ada_parsel": "1103-8",
        "poi_id": "218",
        "poi_adi": "Özel Bilfen Koşuyolu Ortaokulu",
        "kategori": "Eğitim",
        "alt_kategori": "Ortaokul",
        "mesafe_m": 979.4,
        "mesafe_km": 0.98,
        "sure_sn": 705.2,
        "sure_dk": 11.8
      },
      "geometry": {
        "type": "Point",
        "coordinates": [
          29.045395186000064,
          41.010084678000055
        ]
      }
    },
    {
      "type": "Feature",
      "properties": {
        "ada_parsel": "1103-8",
        "poi_id": "219",
        "poi_adi": "Acıbadem Türk Telekom Ortaokulu",
        "kategori": "Eğitim",
        "alt_kategori": "Ortaokul",
        "mesafe_m": 608.2,
        "mesafe_km": 0.61,
        "sure_sn": 437.9,
        "sure_dk": 7.3
      },
      "geometry": {
        "type": "Point",
        "coordinates": [
          29.051495424000052,
          41.00816240200004
        ]
      }
    },
    {
      "type": "Feature",
      "properties": {
        "ada_parsel": "1103-8",
        "poi_id": "220",
        "poi_adi": "Birey Eğitim Kurumları",
        "kategori": "Eğitim",
        "alt_kategori": "Lise",
        "mesafe_m": 644.6,
        "mesafe_km": 0.64,
        "sure_sn": 464.1,
        "sure_dk": 7.7
      },
      "geometry": {
        "type": "Point",
        "coordinates": [
          29.048391636000076,
          41.00820701500004
        ]
      }
    },
    {
      "type": "Feature",
      "properties": {
        "ada_parsel": "1103-8",
        "poi_id": "221",
        "poi_adi": "Validebağ Koleji",
        "kategori": "Eğitim",
        "alt_kategori": "Ortaokul",
        "mesafe_m": 1343.6,
        "mesafe_km": 1.34,
        "sure_sn": 967.4,
        "sure_dk": 16.1
      },
      "geometry": {
        "type": "Point",
        "coordinates": [
          29.05104557100003,
          41.013113270000076
        ]
      }
    },
    {
      "type": "Feature",
      "properties": {
        "ada_parsel": "1103-8",
        "poi_id": "222",
        "poi_adi": "ÖZEL MERAK EDEN ÇOCUK KOŞUYOLU Ortaokulu",
        "kategori": "Eğitim",
        "alt_kategori": "Ortaokul",
        "mesafe_m": 969,
        "mesafe_km": 0.97,
        "sure_sn": 697.6,
        "sure_dk": 11.6
      },
      "geometry": {
        "type": "Point",
        "coordinates": [
          29.04622056200003,
          41.01033088100007
        ]
      }
    },
    {
      "type": "Feature",
      "properties": {
        "ada_parsel": "1103-8",
        "poi_id": "223",
        "poi_adi": "ÖZEL MERAK EDEN ÇOCUK KOŞUYOLU İlkokulu",
        "kategori": "Eğitim",
        "alt_kategori": "İlkokul",
        "mesafe_m": 968.2,
        "mesafe_km": 0.97,
        "sure_sn": 697.1,
        "sure_dk": 11.6
      },
      "geometry": {
        "type": "Point",
        "coordinates": [
          29.046034116000044,
          41.01052423100003
        ]
      }
    },
    {
      "type": "Feature",
      "properties": {
        "ada_parsel": "1103-8",
        "poi_id": "224",
        "poi_adi": "Özel Acıbadem Sınav Anadolu Lisesi",
        "kategori": "Eğitim",
        "alt_kategori": "Lise",
        "mesafe_m": 446.5,
        "mesafe_km": 0.45,
        "sure_sn": 321.5,
        "sure_dk": 5.4
      },
      "geometry": {
        "type": "Point",
        "coordinates": [
          29.048216756000045,
          41.00191262200008
        ]
      }
    },
    {
      "type": "Feature",
      "properties": {
        "ada_parsel": "1103-8",
        "poi_id": "225",
        "poi_adi": "ÜSKÜDAR ANAOKULU",
        "kategori": "Eğitim",
        "alt_kategori": "Kreş & Anaokulu",
        "mesafe_m": 1186.9,
        "mesafe_km": 1.19,
        "sure_sn": 854.6,
        "sure_dk": 14.2
      },
      "geometry": {
        "type": "Point",
        "coordinates": [
          29.056725132000054,
          41.01257438300007
        ]
      }
    },
    {
      "type": "Feature",
      "properties": {
        "ada_parsel": "1103-8",
        "poi_id": "226",
        "poi_adi": "HASAN TAN İLKOKULU Anasınıfı",
        "kategori": "Eğitim",
        "alt_kategori": "Kreş & Anaokulu",
        "mesafe_m": 616.3,
        "mesafe_km": 0.62,
        "sure_sn": 443.8,
        "sure_dk": 7.4
      },
      "geometry": {
        "type": "Point",
        "coordinates": [
          29.05292968200007,
          41.00878018600008
        ]
      }
    },
    {
      "type": "Feature",
      "properties": {
        "ada_parsel": "1103-8",
        "poi_id": "227",
        "poi_adi": "MİHRİBAN SUAT BEDUK İLKOKULU Anasınıfı",
        "kategori": "Eğitim",
        "alt_kategori": "Kreş & Anaokulu",
        "mesafe_m": 112.8,
        "mesafe_km": 0.11,
        "sure_sn": 81.2,
        "sure_dk": 1.4
      },
      "geometry": {
        "type": "Point",
        "coordinates": [
          29.049969503000057,
          41.003160784000045
        ]
      }
    },
    {
      "type": "Feature",
      "properties": {
        "ada_parsel": "1103-8",
        "poi_id": "228",
        "poi_adi": "ÖZEL ACIBADEM İLKOKULU Anasınıfı",
        "kategori": "Eğitim",
        "alt_kategori": "Kreş & Anaokulu",
        "mesafe_m": 196.7,
        "mesafe_km": 0.2,
        "sure_sn": 141.6,
        "sure_dk": 2.4
      },
      "geometry": {
        "type": "Point",
        "coordinates": [
          29.051640966000036,
          41.003419042000075
        ]
      }
    },
    {
      "type": "Feature",
      "properties": {
        "ada_parsel": "1103-8",
        "poi_id": "229",
        "poi_adi": "ÖZEL MERAK EDEN ÇOCUK KOŞUYOLU İLKOKULU Anasınıfı",
        "kategori": "Eğitim",
        "alt_kategori": "Kreş & Anaokulu",
        "mesafe_m": 961.1,
        "mesafe_km": 0.96,
        "sure_sn": 692,
        "sure_dk": 11.5
      },
      "geometry": {
        "type": "Point",
        "coordinates": [
          29.04609836000003,
          41.01056553400008
        ]
      }
    },
    {
      "type": "Feature",
      "properties": {
        "ada_parsel": "1103-8",
        "poi_id": "230",
        "poi_adi": "ÖZEL GELECEĞE ADIM ANAOKULU",
        "kategori": "Eğitim",
        "alt_kategori": "Kreş & Anaokulu",
        "mesafe_m": 863.7,
        "mesafe_km": 0.86,
        "sure_sn": 621.9,
        "sure_dk": 10.4
      },
      "geometry": {
        "type": "Point",
        "coordinates": [
          29.04689230400004,
          41.01056387800003
        ]
      }
    }
  ]
}